"ligand","receptor","pathway","sender","receiver","condition","lig_expr","rec_expr","lr_score"
"VEGFA","KDR","VEGF","Endothelial","Endothelial","Healing",0.0629862048360892,0.657741899471512,0.0414286660093911
"VEGFA","KDR","VEGF","Endothelial","Lymphatic_Endo","Healing",0.0629862048360892,0.748117725046655,0.0471210962712977
"VEGFA","KDR","VEGF","Fibroblast","Endothelial","Healing",0.276379611979161,0.657741899471512,0.181786450958373
"VEGFA","KDR","VEGF","Fibroblast","Lymphatic_Endo","Healing",0.276379611979161,0.748117725046655,0.206764486563128
"VEGFA","KDR","VEGF","Keratinocyte","Endothelial","Healing",0.253653708670375,0.657741899471512,0.166838672148846
"VEGFA","KDR","VEGF","Keratinocyte","Lymphatic_Endo","Healing",0.253653708670375,0.748117725046655,0.189762835480128
"VEGFA","KDR","VEGF","Lymphatic_Endo","Endothelial","Healing",0.109045244686623,0.657741899471512,0.0717236263685155
"VEGFA","KDR","VEGF","Lymphatic_Endo","Lymphatic_Endo","Healing",0.109045244686623,0.748117725046655,0.0815786803821126
"VEGFA","KDR","VEGF","Macrophage","Endothelial","Healing",0.635357016151131,0.657741899471512,0.417900930645797
"VEGFA","KDR","VEGF","Macrophage","Keratinocyte","Healing",0.635357016151131,0.0237293455363372,0.0150766061751863
"VEGFA","KDR","VEGF","Macrophage","Lymphatic_Endo","Healing",0.635357016151131,0.748117725046655,0.475321845515415
"VEGFA","KDR","VEGF","Mast_cell","Endothelial","Healing",0.0495852694828711,0.657741899471512,0.0326143093354704
"VEGFA","KDR","VEGF","Mast_cell","Lymphatic_Endo","Healing",0.0495852694828711,0.748117725046655,0.0370956190013509
"VEGFA","KDR","VEGF","Melanocyte","Endothelial","Healing",0.0660378005945138,0.657741899471512,0.0434358283999565
"VEGFA","KDR","VEGF","Melanocyte","Lymphatic_Endo","Healing",0.0660378005945138,0.748117725046655,0.0494040491478524
"VEGFA","KDR","VEGF","Myeloid","Endothelial","Healing",1.07505586561609,0.657741899471512,0.707109287088316
"VEGFA","KDR","VEGF","Myeloid","Keratinocyte","Healing",1.07505586561609,0.0237293455363372,0.0255103721060702
"VEGFA","KDR","VEGF","Myeloid","Lymphatic_Endo","Healing",1.07505586561609,0.748117725046655,0.80426834848277
"VEGFA","KDR","VEGF","Pericyte","Endothelial","Healing",0.11903787968381,0.657741899471512,0.0782962010922907
"VEGFA","KDR","VEGF","Pericyte","Lymphatic_Endo","Healing",0.11903787968381,0.748117725046655,0.0890543477434297
"VEGFA","KDR","VEGF","Smooth_Muscle","Endothelial","Healing",0.138032503053009,0.657741899471512,0.0907897607468938
"VEGFA","KDR","VEGF","Smooth_Muscle","Lymphatic_Endo","Healing",0.138032503053009,0.748117725046655,0.103264562166513
"VEGFA","KDR","VEGF","T_cell","Endothelial","Healing",0.0282142196235248,0.657741899471512,0.0185576744072836
"VEGFA","KDR","VEGF","T_cell","Lymphatic_Endo","Healing",0.0282142196235248,0.748117725046655,0.0211075577987181
"VEGFA","KDR","VEGF","Endothelial","Endothelial","NonHealing",0.0313204784166431,0.531535005005606,0.0166479306519684
"VEGFA","KDR","VEGF","Endothelial","Lymphatic_Endo","NonHealing",0.0313204784166431,0.872709331568717,0.0273336737834011
"VEGFA","KDR","VEGF","Fibroblast","Endothelial","NonHealing",0.195470446940338,0.531535005005606,0.10389938499288
"VEGFA","KDR","VEGF","Fibroblast","Lymphatic_Endo","NonHealing",0.195470446940338,0.872709331568717,0.17058888309074
"VEGFA","KDR","VEGF","Keratinocyte","Endothelial","NonHealing",0.0986578043047096,0.531535005005606,0.052440076504946
"VEGFA","KDR","VEGF","Keratinocyte","Lymphatic_Endo","NonHealing",0.0986578043047096,0.872709331568717,0.0860995864488004
"VEGFA","KDR","VEGF","Lymphatic_Endo","Endothelial","NonHealing",0.0365633314411419,0.531535005005606,0.019434690560589
"VEGFA","KDR","VEGF","Lymphatic_Endo","Lymphatic_Endo","NonHealing",0.0365633314411419,0.872709331568717,0.0319091605419244
"VEGFA","KDR","VEGF","Macrophage","Endothelial","NonHealing",0.343253829980595,0.531535005005606,0.182451426236929
"VEGFA","KDR","VEGF","Macrophage","Lymphatic_Endo","NonHealing",0.343253829980595,0.872709331568717,0.299560820520767
"VEGFA","KDR","VEGF","Macrophage","Smooth_Muscle","NonHealing",0.343253829980595,0.0425362507193617,0.0146007309724357
"VEGFA","KDR","VEGF","Mast_cell","Endothelial","NonHealing",0.101524931287581,0.531535005005606,0.0539640548601381
"VEGFA","KDR","VEGF","Mast_cell","Lymphatic_Endo","NonHealing",0.101524931287581,0.872709331568717,0.0886017549215445
"VEGFA","KDR","VEGF","Melanocyte","Endothelial","NonHealing",0.0205258621010344,0.531535005005606,0.0109102142146177
"VEGFA","KDR","VEGF","Melanocyte","Lymphatic_Endo","NonHealing",0.0205258621010344,0.872709331568717,0.0179131113940654
"VEGFA","KDR","VEGF","Myeloid","Endothelial","NonHealing",0.723908416186705,0.531535005005606,0.384782663621401
"VEGFA","KDR","VEGF","Myeloid","Lymphatic_Endo","NonHealing",0.723908416186705,0.872709331568717,0.631761630007268
"VEGFA","KDR","VEGF","Myeloid","Smooth_Muscle","NonHealing",0.723908416186705,0.0425362507193617,0.0307923498887737
"VEGFA","KDR","VEGF","Pericyte","Endothelial","NonHealing",0.121415977283261,0.531535005005606,0.0645368420930185
"VEGFA","KDR","VEGF","Pericyte","Lymphatic_Endo","NonHealing",0.121415977283261,0.872709331568717,0.105960856376637
"VEGFA","KDR","VEGF","Smooth_Muscle","Endothelial","NonHealing",0.237466550673259,0.531535005005606,0.126221784200775
"VEGFA","KDR","VEGF","Smooth_Muscle","Lymphatic_Endo","NonHealing",0.237466550673259,0.872709331568717,0.207239274707989
"VEGFA","KDR","VEGF","Smooth_Muscle","Smooth_Muscle","NonHealing",0.237466550673259,0.0425362507193617,0.0101009367368997
"VEGFA","KDR","VEGF","T_cell","Endothelial","NonHealing",0.0271498714260876,0.531535005005606,0.0144311070443671
"VEGFA","KDR","VEGF","T_cell","Lymphatic_Endo","NonHealing",0.0271498714260876,0.872709331568717,0.0236939461444375
"TNF","TNFRSF1A","TNF","Fibroblast","Endothelial","Healing",0.0268043267141897,0.6134094702386,0.0164420278498535
"TNF","TNFRSF1A","TNF","Fibroblast","Fibroblast","Healing",0.0268043267141897,0.767713532486004,0.0205780443476596
"TNF","TNFRSF1A","TNF","Fibroblast","Keratinocyte","Healing",0.0268043267141897,0.456510751726301,0.0122364633378121
"TNF","TNFRSF1A","TNF","Fibroblast","Lymphatic_Endo","Healing",0.0268043267141897,0.458425708951417,0.0122877924769178
"TNF","TNFRSF1A","TNF","Fibroblast","Macrophage","Healing",0.0268043267141897,0.605294322539974,0.0162245067796056
"TNF","TNFRSF1A","TNF","Fibroblast","Melanocyte","Healing",0.0268043267141897,0.434469438566094,0.0116456607786562
"TNF","TNFRSF1A","TNF","Fibroblast","Myeloid","Healing",0.0268043267141897,0.38148839996311,0.0102255397102847
"TNF","TNFRSF1A","TNF","Fibroblast","Pericyte","Healing",0.0268043267141897,0.841674886511401,0.0225605286451802
"TNF","TNFRSF1A","TNF","Fibroblast","Smooth_Muscle","Healing",0.0268043267141897,0.65475638140214,0.0175503039653036
"TNF","TNFRSF1A","TNF","Keratinocyte","Endothelial","Healing",0.0612372856565121,0.6134094702386,0.037563530953411
"TNF","TNFRSF1A","TNF","Keratinocyte","Fibroblast","Healing",0.0612372856565121,0.767713532486004,0.0470126928912154
"TNF","TNFRSF1A","TNF","Keratinocyte","Keratinocyte","Healing",0.0612372856565121,0.456510751726301,0.0279554793087326
"TNF","TNFRSF1A","TNF","Keratinocyte","Lymphatic_Endo","Healing",0.0612372856565121,0.458425708951417,0.028072746091347
"TNF","TNFRSF1A","TNF","Keratinocyte","Macrophage","Healing",0.0612372856565121,0.605294322539974,0.0370665813356454
"TNF","TNFRSF1A","TNF","Keratinocyte","Melanocyte","Healing",0.0612372856565121,0.434469438566094,0.0266057291184964
"TNF","TNFRSF1A","TNF","Keratinocyte","Myeloid","Healing",0.0612372856565121,0.38148839996311,0.0233613141231868
"TNF","TNFRSF1A","TNF","Keratinocyte","Pericyte","Healing",0.0612372856565121,0.841674886511401,0.0515418854552111
"TNF","TNFRSF1A","TNF","Keratinocyte","Smooth_Muscle","Healing",0.0612372856565121,0.65475638140214,0.0400955035633471
"TNF","TNFRSF1A","TNF","Lymphatic_Endo","Fibroblast","Healing",0.0150678962922582,0.767713532486004,0.0115678278896623
"TNF","TNFRSF1A","TNF","Lymphatic_Endo","Pericyte","Healing",0.0150678962922582,0.841674886511401,0.012682269901752
"TNF","TNFRSF1A","TNF","Macrophage","Endothelial","Healing",0.312537312549146,0.6134094702386,0.191713347320568
"TNF","TNFRSF1A","TNF","Macrophage","Fibroblast","Healing",0.312537312549146,0.767713532486004,0.239939124250787
"TNF","TNFRSF1A","TNF","Macrophage","Keratinocyte","Healing",0.312537312549146,0.456510751726301,0.142676643494329
"TNF","TNFRSF1A","TNF","Macrophage","Lymphatic_Endo","Healing",0.312537312549146,0.458425708951417,0.143275139079113
"TNF","TNFRSF1A","TNF","Macrophage","Macrophage","Healing",0.312537312549146,0.605294322539974,0.1891770608679
"TNF","TNFRSF1A","TNF","Macrophage","Mast_cell","Healing",0.312537312549146,0.0438484964429372,0.0137042912375964
"TNF","TNFRSF1A","TNF","Macrophage","Melanocyte","Healing",0.312537312549146,0.434469438566094,0.135787910714184
"TNF","TNFRSF1A","TNF","Macrophage","Myeloid","Healing",0.312537312549146,0.38148839996311,0.119229359293144
"TNF","TNFRSF1A","TNF","Macrophage","Pericyte","Healing",0.312537312549146,0.841674886511401,0.263054807070381
"TNF","TNFRSF1A","TNF","Macrophage","Smooth_Muscle","Healing",0.312537312549146,0.65475638140214,0.204635799817829
"TNF","TNFRSF1A","TNF","Macrophage","T_cell","Healing",0.312537312549146,0.123355657584157,0.0385532457090851
"TNF","TNFRSF1A","TNF","Mast_cell","Endothelial","Healing",0.274247287581462,0.6134094702386,0.168225883389718
"TNF","TNFRSF1A","TNF","Mast_cell","Fibroblast","Healing",0.274247287581462,0.767713532486004,0.210543353923869
"TNF","TNFRSF1A","TNF","Mast_cell","Keratinocyte","Healing",0.274247287581462,0.456510751726301,0.125196835412712
"TNF","TNFRSF1A","TNF","Mast_cell","Lymphatic_Endo","Healing",0.274247287581462,0.458425708951417,0.125722007237535
"TNF","TNFRSF1A","TNF","Mast_cell","Macrophage","Healing",0.274247287581462,0.605294322539974,0.166000326145047
"TNF","TNFRSF1A","TNF","Mast_cell","Mast_cell","Healing",0.274247287581462,0.0438484964429372,0.0120253312140009
"TNF","TNFRSF1A","TNF","Mast_cell","Melanocyte","Healing",0.274247287581462,0.434469438566094,0.119152065063792
"TNF","TNFRSF1A","TNF","Mast_cell","Myeloid","Healing",0.274247287581462,0.38148839996311,0.104622158933675
"TNF","TNFRSF1A","TNF","Mast_cell","Pericyte","Healing",0.274247287581462,0.841674886511401,0.230827054651187
"TNF","TNFRSF1A","TNF","Mast_cell","Smooth_Muscle","Healing",0.274247287581462,0.65475638140214,0.17956516162619
"TNF","TNFRSF1A","TNF","Mast_cell","T_cell","Healing",0.274247287581462,0.123355657584157,0.0338299545002826
"TNF","TNFRSF1A","TNF","Myeloid","Endothelial","Healing",0.496866068136039,0.6134094702386,0.304782351634864
"TNF","TNFRSF1A","TNF","Myeloid","Fibroblast","Healing",0.496866068136039,0.767713532486004,0.38145080434115
"TNF","TNFRSF1A","TNF","Myeloid","Keratinocyte","Healing",0.496866068136039,0.456510751726301,0.226824702272075
"TNF","TNFRSF1A","TNF","Myeloid","Lymphatic_Endo","Healing",0.496866068136039,0.458425708951417,0.227776179539167
"TNF","TNFRSF1A","TNF","Myeloid","Macrophage","Healing",0.496866068136039,0.605294322539974,0.300750210105505
"TNF","TNFRSF1A","TNF","Myeloid","Mast_cell","Healing",0.496866068136039,0.0438484964429372,0.0217868300212793
"TNF","TNFRSF1A","TNF","Myeloid","Melanocyte","Healing",0.496866068136039,0.434469438566094,0.215873121665608
"TNF","TNFRSF1A","TNF","Myeloid","Myeloid","Healing",0.496866068136039,0.38148839996311,0.189548641329179
"TNF","TNFRSF1A","TNF","Myeloid","Pericyte","Healing",0.496866068136039,0.841674886511401,0.418199691509767
"TNF","TNFRSF1A","TNF","Myeloid","Smooth_Muscle","Healing",0.496866068136039,0.65475638140214,0.325326228814262
"TNF","TNFRSF1A","TNF","Myeloid","T_cell","Healing",0.496866068136039,0.123355657584157,0.0612912405661756
"TNF","TNFRSF1A","TNF","Pericyte","Endothelial","Healing",0.0575888786512193,0.6134094702386,0.0353255635450795
"TNF","TNFRSF1A","TNF","Pericyte","Fibroblast","Healing",0.0575888786512193,0.767713532486004,0.0442117614612354
"TNF","TNFRSF1A","TNF","Pericyte","Keratinocyte","Healing",0.0575888786512193,0.456510751726301,0.0262899422841429
"TNF","TNFRSF1A","TNF","Pericyte","Lymphatic_Endo","Healing",0.0575888786512193,0.458425708951417,0.0264002225234023
"TNF","TNFRSF1A","TNF","Pericyte","Macrophage","Healing",0.0575888786512193,0.605294322539974,0.0348582212890266
"TNF","TNFRSF1A","TNF","Pericyte","Melanocyte","Healing",0.0575888786512193,0.434469438566094,0.0250206077752462
"TNF","TNFRSF1A","TNF","Pericyte","Myeloid","Healing",0.0575888786512193,0.38148839996311,0.0219694891723234
"TNF","TNFRSF1A","TNF","Pericyte","Pericyte","Healing",0.0575888786512193,0.841674886511401,0.0484711129030839
"TNF","TNFRSF1A","TNF","Pericyte","Smooth_Muscle","Healing",0.0575888786512193,0.65475638140214,0.0377066857946793
"TNF","TNFRSF1A","TNF","Smooth_Muscle","Endothelial","Healing",0.019404543377977,0.6134094702386,0.0119029306737068
"TNF","TNFRSF1A","TNF","Smooth_Muscle","Fibroblast","Healing",0.019404543377977,0.767713532486004,0.0148971305429846
"TNF","TNFRSF1A","TNF","Smooth_Muscle","Macrophage","Healing",0.019404543377977,0.605294322539974,0.0117454599381701
"TNF","TNFRSF1A","TNF","Smooth_Muscle","Pericyte","Healing",0.019404543377977,0.841674886511401,0.0163323168454644
"TNF","TNFRSF1A","TNF","Smooth_Muscle","Smooth_Muscle","Healing",0.019404543377977,0.65475638140214,0.0127052486049251
"TNF","TNFRSF1A","TNF","T_cell","Endothelial","Healing",0.52212231145699,0.6134094702386,0.320274770470586
"TNF","TNFRSF1A","TNF","T_cell","Fibroblast","Healing",0.52212231145699,0.767713532486004,0.400840364118404
"TNF","TNFRSF1A","TNF","T_cell","Keratinocyte","Healing",0.52212231145699,0.456510751726301,0.238354448896305
"TNF","TNFRSF1A","TNF","T_cell","Lymphatic_Endo","Healing",0.52212231145699,0.458425708951417,0.239354290789024
"TNF","TNFRSF1A","TNF","T_cell","Macrophage","Healing",0.52212231145699,0.605294322539974,0.316037670796365
"TNF","TNFRSF1A","TNF","T_cell","Mast_cell","Healing",0.52212231145699,0.0438484964429372,0.0228942783167
"TNF","TNFRSF1A","TNF","T_cell","Melanocyte","Healing",0.52212231145699,0.434469438566094,0.22684618752155
"TNF","TNFRSF1A","TNF","T_cell","Myeloid","Healing",0.52212231145699,0.38148839996311,0.199183605182768
"TNF","TNFRSF1A","TNF","T_cell","Pericyte","Healing",0.52212231145699,0.841674886511401,0.439457237240633
"TNF","TNFRSF1A","TNF","T_cell","Smooth_Muscle","Healing",0.52212231145699,0.65475638140214,0.3418629152989
"TNF","TNFRSF1A","TNF","T_cell","T_cell","Healing",0.52212231145699,0.123355657584157,0.064406741069137
"TNF","TNFRSF1A","TNF","Fibroblast","Macrophage","NonHealing",0.0121308155059534,0.87448561519379,0.0106082236605261
"TNF","TNFRSF1A","TNF","Keratinocyte","Endothelial","NonHealing",0.0310497542786066,0.614985818526573,0.0190951585500778
"TNF","TNFRSF1A","TNF","Keratinocyte","Fibroblast","NonHealing",0.0310497542786066,0.779492703989851,0.0242030569208515
"TNF","TNFRSF1A","TNF","Keratinocyte","Keratinocyte","NonHealing",0.0310497542786066,0.450069470785479,0.0139745464761916
"TNF","TNFRSF1A","TNF","Keratinocyte","Lymphatic_Endo","NonHealing",0.0310497542786066,0.455946766959213,0.0141570350782087
"TNF","TNFRSF1A","TNF","Keratinocyte","Macrophage","NonHealing",0.0310497542786066,0.87448561519379,0.0271525634719433
"TNF","TNFRSF1A","TNF","Keratinocyte","Myeloid","NonHealing",0.0310497542786066,0.335273377515178,0.0104101559880048
"TNF","TNFRSF1A","TNF","Keratinocyte","Pericyte","NonHealing",0.0310497542786066,0.771542906314118,0.0239562176564553
"TNF","TNFRSF1A","TNF","Keratinocyte","Smooth_Muscle","NonHealing",0.0310497542786066,0.4203765301254,0.0130525879648869
"TNF","TNFRSF1A","TNF","Macrophage","Endothelial","NonHealing",0.267994012616344,0.614985818526573,0.164812517209083
"TNF","TNFRSF1A","TNF","Macrophage","Fibroblast","NonHealing",0.267994012616344,0.779492703989851,0.208899377547404
"TNF","TNFRSF1A","TNF","Macrophage","Keratinocyte","NonHealing",0.267994012616344,0.450069470785479,0.120615923431915
"TNF","TNFRSF1A","TNF","Macrophage","Lymphatic_Endo","NonHealing",0.267994012616344,0.455946766959213,0.122191003616849
"TNF","TNFRSF1A","TNF","Macrophage","Macrophage","NonHealing",0.267994012616344,0.87448561519379,0.234356908991056
"TNF","TNFRSF1A","TNF","Macrophage","Mast_cell","NonHealing",0.267994012616344,0.0412541736505644,0.0110558715337862
"TNF","TNFRSF1A","TNF","Macrophage","Melanocyte","NonHealing",0.267994012616344,0.253560945785351,0.0679528153038116
"TNF","TNFRSF1A","TNF","Macrophage","Myeloid","NonHealing",0.267994012616344,0.335273377515178,0.0898512577637271
"TNF","TNFRSF1A","TNF","Macrophage","Pericyte","NonHealing",0.267994012616344,0.771542906314118,0.206768879368797
"TNF","TNFRSF1A","TNF","Macrophage","Smooth_Muscle","NonHealing",0.267994012616344,0.4203765301254,0.112658393118041
"TNF","TNFRSF1A","TNF","Macrophage","T_cell","NonHealing",0.267994012616344,0.124358729881558,0.0333273950248309
"TNF","TNFRSF1A","TNF","Mast_cell","Endothelial","NonHealing",0.243587460067704,0.614985818526573,0.149802833512546
"TNF","TNFRSF1A","TNF","Mast_cell","Fibroblast","NonHealing",0.243587460067704,0.779492703989851,0.189874647906195
"TNF","TNFRSF1A","TNF","Mast_cell","Keratinocyte","NonHealing",0.243587460067704,0.450069470785479,0.109631279242651
"TNF","TNFRSF1A","TNF","Mast_cell","Lymphatic_Endo","NonHealing",0.243587460067704,0.455946766959213,0.111062914889676
"TNF","TNFRSF1A","TNF","Mast_cell","Macrophage","NonHealing",0.243587460067704,0.87448561519379,0.213013729870799
"TNF","TNFRSF1A","TNF","Mast_cell","Mast_cell","NonHealing",0.243587460067704,0.0412541736505644,0.010048999376733
"TNF","TNFRSF1A","TNF","Mast_cell","Melanocyte","NonHealing",0.243587460067704,0.253560945785351,0.0617642667562185
"TNF","TNFRSF1A","TNF","Mast_cell","Myeloid","NonHealing",0.243587460067704,0.335273377515178,0.0816683904572429
"TNF","TNFRSF1A","TNF","Mast_cell","Pericyte","NonHealing",0.243587460067704,0.771542906314118,0.187938176882311
"TNF","TNFRSF1A","TNF","Mast_cell","Smooth_Muscle","NonHealing",0.243587460067704,0.4203765301254,0.102398451245321
"TNF","TNFRSF1A","TNF","Mast_cell","T_cell","NonHealing",0.243587460067704,0.124358729881558,0.0302922271490945
"TNF","TNFRSF1A","TNF","Myeloid","Endothelial","NonHealing",0.486781658619582,0.614985818526573,0.299363816769887
"TNF","TNFRSF1A","TNF","Myeloid","Fibroblast","NonHealing",0.486781658619582,0.779492703989851,0.379442751330043
"TNF","TNFRSF1A","TNF","Myeloid","Keratinocyte","NonHealing",0.486781658619582,0.450069470785479,0.219085563482993
"TNF","TNFRSF1A","TNF","Myeloid","Lymphatic_Endo","NonHealing",0.486781658619582,0.455946766959213,0.221946523462642
"TNF","TNFRSF1A","TNF","Myeloid","Macrophage","NonHealing",0.486781658619582,0.87448561519379,0.425683558202999
"TNF","TNFRSF1A","TNF","Myeloid","Mast_cell","NonHealing",0.486781658619582,0.0412541736505644,0.020081775074602
"TNF","TNFRSF1A","TNF","Myeloid","Melanocyte","NonHealing",0.486781658619582,0.253560945785351,0.123428817750543
"TNF","TNFRSF1A","TNF","Myeloid","Myeloid","NonHealing",0.486781658619582,0.335273377515178,0.163204930797828
"TNF","TNFRSF1A","TNF","Myeloid","Pericyte","NonHealing",0.486781658619582,0.771542906314118,0.375572935631759
"TNF","TNFRSF1A","TNF","Myeloid","Smooth_Muscle","NonHealing",0.486781658619582,0.4203765301254,0.204631584579187
"TNF","TNFRSF1A","TNF","Myeloid","T_cell","NonHealing",0.486781658619582,0.124358729881558,0.0605355487955696
"TNF","TNFRSF1A","TNF","Pericyte","Endothelial","NonHealing",0.0598800379945221,0.614985818526573,0.0368253741794634
"TNF","TNFRSF1A","TNF","Pericyte","Fibroblast","NonHealing",0.0598800379945221,0.779492703989851,0.046676052731365
"TNF","TNFRSF1A","TNF","Pericyte","Keratinocyte","NonHealing",0.0598800379945221,0.450069470785479,0.0269501770108089
"TNF","TNFRSF1A","TNF","Pericyte","Lymphatic_Endo","NonHealing",0.0598800379945221,0.455946766959213,0.0273021097289972
"TNF","TNFRSF1A","TNF","Pericyte","Macrophage","NonHealing",0.0598800379945221,0.87448561519379,0.0523642318634671
"TNF","TNFRSF1A","TNF","Pericyte","Melanocyte","NonHealing",0.0598800379945221,0.253560945785351,0.0151832390675538
"TNF","TNFRSF1A","TNF","Pericyte","Myeloid","NonHealing",0.0598800379945221,0.335273377515178,0.0200761825841606
"TNF","TNFRSF1A","TNF","Pericyte","Pericyte","NonHealing",0.0598800379945221,0.771542906314118,0.0462000185444934
"TNF","TNFRSF1A","TNF","Pericyte","Smooth_Muscle","NonHealing",0.0598800379945221,0.4203765301254,0.0251721625959143
"TNF","TNFRSF1A","TNF","Smooth_Muscle","Macrophage","NonHealing",0.0127516794051614,0.87448561519379,0.0111511602093766
"TNF","TNFRSF1A","TNF","T_cell","Endothelial","NonHealing",0.703597343286141,0.614985818526573,0.432702388073949
"TNF","TNFRSF1A","TNF","T_cell","Fibroblast","NonHealing",0.703597343286141,0.779492703989851,0.548448995638189
"TNF","TNFRSF1A","TNF","T_cell","Keratinocyte","NonHealing",0.703597343286141,0.450069470785479,0.316667683938862
"TNF","TNFRSF1A","TNF","T_cell","Lymphatic_Endo","NonHealing",0.703597343286141,0.455946766959213,0.320802933912407
"TNF","TNFRSF1A","TNF","T_cell","Macrophage","NonHealing",0.703597343286141,0.87448561519379,0.615285755592297
"TNF","TNFRSF1A","TNF","T_cell","Mast_cell","NonHealing",0.703597343286141,0.0412541736505644,0.0290263269800023
"TNF","TNFRSF1A","TNF","T_cell","Melanocyte","NonHealing",0.703597343286141,0.253560945785351,0.178404807815694
"TNF","TNFRSF1A","TNF","T_cell","Myeloid","NonHealing",0.703597343286141,0.335273377515178,0.235897457694251
"TNF","TNFRSF1A","TNF","T_cell","Pericyte","NonHealing",0.703597343286141,0.771542906314118,0.542855539113881
"TNF","TNFRSF1A","TNF","T_cell","Smooth_Muscle","NonHealing",0.703597343286141,0.4203765301254,0.295775809776078
"TNF","TNFRSF1A","TNF","T_cell","T_cell","NonHealing",0.703597343286141,0.124358729881558,0.0874984719591033
"IL1B","IL1R1","IL1","Endothelial","Fibroblast","Healing",0.0208746003779238,0.599042062467811,0.0125047636635828
"IL1B","IL1R1","IL1","Fibroblast","Endothelial","Healing",0.0421873030144183,0.279701233630731,0.0117998406966862
"IL1B","IL1R1","IL1","Fibroblast","Fibroblast","Healing",0.0421873030144183,0.599042062467811,0.0252719690077117
"IL1B","IL1R1","IL1","Fibroblast","Pericyte","Healing",0.0421873030144183,0.273745743108186,0.0115485946134122
"IL1B","IL1R1","IL1","Keratinocyte","Endothelial","Healing",0.0553678123219277,0.279701233630731,0.0154864454098779
"IL1B","IL1R1","IL1","Keratinocyte","Fibroblast","Healing",0.0553678123219277,0.599042062467811,0.0331676484876582
"IL1B","IL1R1","IL1","Keratinocyte","Pericyte","Healing",0.0553678123219277,0.273745743108186,0.0151567029283407
"IL1B","IL1R1","IL1","Keratinocyte","Smooth_Muscle","Healing",0.0553678123219277,0.225162856829092,0.0124667747987823
"IL1B","IL1R1","IL1","Lymphatic_Endo","Fibroblast","Healing",0.0349514240708498,0.599042062467811,0.020937373161589
"IL1B","IL1R1","IL1","Macrophage","Endothelial","Healing",0.952141020180379,0.279701233630731,0.266315017934874
"IL1B","IL1R1","IL1","Macrophage","Fibroblast","Healing",0.952141020180379,0.599042062467811,0.57037252048906
"IL1B","IL1R1","IL1","Macrophage","Keratinocyte","Healing",0.952141020180379,0.169438219993357,0.161329079642022
"IL1B","IL1R1","IL1","Macrophage","Lymphatic_Endo","Healing",0.952141020180379,0.136600088019614,0.130062547163725
"IL1B","IL1R1","IL1","Macrophage","Macrophage","Healing",0.952141020180379,0.0792260938868869,0.075434413858367
"IL1B","IL1R1","IL1","Macrophage","Mast_cell","Healing",0.952141020180379,0.0218768934601378,0.020829887657513
"IL1B","IL1R1","IL1","Macrophage","Melanocyte","Healing",0.952141020180379,0.167375334320871,0.159364921573306
"IL1B","IL1R1","IL1","Macrophage","Myeloid","Healing",0.952141020180379,0.160951198682939,0.153248238513228
"IL1B","IL1R1","IL1","Macrophage","Pericyte","Healing",0.952141020180379,0.273745743108186,0.260644551113065
"IL1B","IL1R1","IL1","Macrophage","Smooth_Muscle","Healing",0.952141020180379,0.225162856829092,0.214386792207981
"IL1B","IL1R1","IL1","Macrophage","T_cell","Healing",0.952141020180379,0.0516420844991451,0.0491705470192574
"IL1B","IL1R1","IL1","Mast_cell","Endothelial","Healing",0.0869917163678319,0.279701233630731,0.0243316903837372
"IL1B","IL1R1","IL1","Mast_cell","Fibroblast","Healing",0.0869917163678319,0.599042062467811,0.0521116971906009
"IL1B","IL1R1","IL1","Mast_cell","Keratinocyte","Healing",0.0869917163678319,0.169438219993357,0.0147397215755324
"IL1B","IL1R1","IL1","Mast_cell","Lymphatic_Endo","Healing",0.0869917163678319,0.136600088019614,0.0118830761128231
"IL1B","IL1R1","IL1","Mast_cell","Melanocyte","Healing",0.0869917163678319,0.167375334320871,0.0145602676102122
"IL1B","IL1R1","IL1","Mast_cell","Myeloid","Healing",0.0869917163678319,0.160951198682939,0.0140014210248888
"IL1B","IL1R1","IL1","Mast_cell","Pericyte","Healing",0.0869917163678319,0.273745743108186,0.0238136120413687
"IL1B","IL1R1","IL1","Mast_cell","Smooth_Muscle","Healing",0.0869917163678319,0.225162856829092,0.0195873033778471
"IL1B","IL1R1","IL1","Myeloid","Endothelial","Healing",3.05078129674705,0.279701233630731,0.85330729223771
"IL1B","IL1R1","IL1","Myeloid","Fibroblast","Healing",3.05078129674705,0.599042062467811,1.82754632014158
"IL1B","IL1R1","IL1","Myeloid","Keratinocyte","Healing",3.05078129674705,0.169438219993357,0.516918952509845
"IL1B","IL1R1","IL1","Myeloid","Lymphatic_Endo","Healing",3.05078129674705,0.136600088019614,0.416736993664239
"IL1B","IL1R1","IL1","Myeloid","Macrophage","Healing",3.05078129674705,0.0792260938868869,0.24170148544444
"IL1B","IL1R1","IL1","Myeloid","Mast_cell","Healing",3.05078129674705,0.0218768934601378,0.0667416173991162
"IL1B","IL1R1","IL1","Myeloid","Melanocyte","Healing",3.05078129674705,0.167375334320871,0.510625539482897
"IL1B","IL1R1","IL1","Myeloid","Myeloid","Healing",3.05078129674705,0.160951198682939,0.491026906630928
"IL1B","IL1R1","IL1","Myeloid","Pericyte","Healing",3.05078129674705,0.273745743108186,0.835138393138578
"IL1B","IL1R1","IL1","Myeloid","Smooth_Muscle","Healing",3.05078129674705,0.225162856829092,0.686922632336329
"IL1B","IL1R1","IL1","Myeloid","T_cell","Healing",3.05078129674705,0.0516420844991451,0.157548705515023
"IL1B","IL1R1","IL1","Pericyte","Endothelial","Healing",0.0679022417375321,0.279701233630731,0.0189923407802798
"IL1B","IL1R1","IL1","Pericyte","Fibroblast","Healing",0.0679022417375321,0.599042062467811,0.0406762989366391
"IL1B","IL1R1","IL1","Pericyte","Keratinocyte","Healing",0.0679022417375321,0.169438219993357,0.0115052349735661
"IL1B","IL1R1","IL1","Pericyte","Melanocyte","Healing",0.0679022417375321,0.167375334320871,0.011365160411956
"IL1B","IL1R1","IL1","Pericyte","Myeloid","Healing",0.0679022417375321,0.160951198682939,0.0109289472009145
"IL1B","IL1R1","IL1","Pericyte","Pericyte","Healing",0.0679022417375321,0.273745743108186,0.0185879496231524
"IL1B","IL1R1","IL1","Pericyte","Smooth_Muscle","Healing",0.0679022417375321,0.225162856829092,0.0152890627347224
"IL1B","IL1R1","IL1","T_cell","Fibroblast","Healing",0.0261547036922072,0.599042062467811,0.0156677676430143
"IL1B","IL1R1","IL1","Macrophage","Endothelial","NonHealing",0.411336442970994,0.307241562794682,0.126379651572814
"IL1B","IL1R1","IL1","Macrophage","Fibroblast","NonHealing",0.411336442970994,0.389059391966755,0.160034306396063
"IL1B","IL1R1","IL1","Macrophage","Keratinocyte","NonHealing",0.411336442970994,0.062547604532501,0.0257281091647554
"IL1B","IL1R1","IL1","Macrophage","Lymphatic_Endo","NonHealing",0.411336442970994,0.0618799114462344,0.0254534626656542
"IL1B","IL1R1","IL1","Macrophage","Myeloid","NonHealing",0.411336442970994,0.159219984992925,0.065492982276885
"IL1B","IL1R1","IL1","Macrophage","Pericyte","NonHealing",0.411336442970994,0.160358737754183,0.065961392787124
"IL1B","IL1R1","IL1","Macrophage","Smooth_Muscle","NonHealing",0.411336442970994,0.0789197908033821,0.0324625860290782
"IL1B","IL1R1","IL1","Macrophage","T_cell","NonHealing",0.411336442970994,0.0596213464710638,0.0245244325825487
"IL1B","IL1R1","IL1","Myeloid","Endothelial","NonHealing",2.21976148254066,0.307241562794682,0.682002986927233
"IL1B","IL1R1","IL1","Myeloid","Fibroblast","NonHealing",2.21976148254066,0.389059391966755,0.863619052708493
"IL1B","IL1R1","IL1","Myeloid","Keratinocyte","NonHealing",2.21976148254066,0.062547604532501,0.138840763366431
"IL1B","IL1R1","IL1","Myeloid","Lymphatic_Endo","NonHealing",2.21976148254066,0.0618799114462344,0.137358643971378
"IL1B","IL1R1","IL1","Myeloid","Macrophage","NonHealing",2.21976148254066,0.0145903061057688,0.0323869995120633
"IL1B","IL1R1","IL1","Myeloid","Mast_cell","NonHealing",2.21976148254066,0.0113529525906919,0.0252008468739281
"IL1B","IL1R1","IL1","Myeloid","Melanocyte","NonHealing",2.21976148254066,0.0149064728324682,0.0330888142340517
"IL1B","IL1R1","IL1","Myeloid","Myeloid","NonHealing",2.21976148254066,0.159219984992925,0.353430389937998
"IL1B","IL1R1","IL1","Myeloid","Pericyte","NonHealing",2.21976148254066,0.160358737754183,0.355958149455574
"IL1B","IL1R1","IL1","Myeloid","Smooth_Muscle","NonHealing",2.21976148254066,0.0789197908033821,0.175183111835514
"IL1B","IL1R1","IL1","Myeloid","T_cell","NonHealing",2.21976148254066,0.0596213464710638,0.132345168433679
"IL6","IL6R","IL6","Endothelial","Fibroblast","Healing",0.182322787710234,0.0549793990512292,0.0100239973016535
"IL6","IL6R","IL6","Endothelial","Keratinocyte","Healing",0.182322787710234,0.105812809064879,0.0192920863241594
"IL6","IL6R","IL6","Endothelial","Macrophage","Healing",0.182322787710234,0.219615756789536,0.040040957002961
"IL6","IL6R","IL6","Endothelial","Myeloid","Healing",0.182322787710234,0.319065361784634,0.0581728862223488
"IL6","IL6R","IL6","Endothelial","Pericyte","Healing",0.182322787710234,0.0712796893034903,0.0129959116609317
"IL6","IL6R","IL6","Endothelial","Smooth_Muscle","Healing",0.182322787710234,0.113305924109829,0.0206582519477882
"IL6","IL6R","IL6","Endothelial","T_cell","Healing",0.182322787710234,0.0795324837200184,0.0145005841453525
"IL6","IL6R","IL6","Fibroblast","Endothelial","Healing",0.289249442840137,0.0409452560137854,0.0118433924889342
"IL6","IL6R","IL6","Fibroblast","Fibroblast","Healing",0.289249442840137,0.0549793990512292,0.0159027605432536
"IL6","IL6R","IL6","Fibroblast","Keratinocyte","Healing",0.289249442840137,0.105812809064879,0.0306062960673659
"IL6","IL6R","IL6","Fibroblast","Lymphatic_Endo","Healing",0.289249442840137,0.0438714470708736,0.0126897916218407
"IL6","IL6R","IL6","Fibroblast","Macrophage","Healing",0.289249442840137,0.219615756789536,0.0635237352902883
"IL6","IL6R","IL6","Fibroblast","Mast_cell","Healing",0.289249442840137,0.0538220212230336,0.0155679896512925
"IL6","IL6R","IL6","Fibroblast","Myeloid","Healing",0.289249442840137,0.319065361784634,0.092289478125792
"IL6","IL6R","IL6","Fibroblast","Pericyte","Healing",0.289249442840137,0.0712796893034903,0.0206176104168526
"IL6","IL6R","IL6","Fibroblast","Smooth_Muscle","Healing",0.289249442840137,0.113305924109829,0.0327736754192548
"IL6","IL6R","IL6","Fibroblast","T_cell","Healing",0.289249442840137,0.0795324837200184,0.0230047266037075
"IL6","IL6R","IL6","Keratinocyte","Macrophage","Healing",0.065584577580644,0.219615756789536,0.0144034066390952
"IL6","IL6R","IL6","Keratinocyte","Myeloid","Healing",0.065584577580644,0.319065361784634,0.0209257669732606
"IL6","IL6R","IL6","Lymphatic_Endo","Macrophage","Healing",0.0570012644941232,0.219615756789536,0.0125183758398374
"IL6","IL6R","IL6","Lymphatic_Endo","Myeloid","Healing",0.0570012644941232,0.319065361784634,0.018187129077999
"IL6","IL6R","IL6","Macrophage","Keratinocyte","Healing",0.130935796548877,0.105812809064879,0.0138546844399842
"IL6","IL6R","IL6","Macrophage","Macrophage","Healing",0.130935796548877,0.219615756789536,0.0287555640499224
"IL6","IL6R","IL6","Macrophage","Myeloid","Healing",0.130935796548877,0.319065361784634,0.0417770772964268
"IL6","IL6R","IL6","Macrophage","Smooth_Muscle","Healing",0.130935796548877,0.113305924109829,0.0148358014270271
"IL6","IL6R","IL6","Macrophage","T_cell","Healing",0.130935796548877,0.0795324837200184,0.0104136491073912
"IL6","IL6R","IL6","Mast_cell","Macrophage","Healing",0.0704487125314074,0.219615756789536,0.0154716473174335
"IL6","IL6R","IL6","Mast_cell","Myeloid","Healing",0.0704487125314074,0.319065361784634,0.0224777439510952
"IL6","IL6R","IL6","Melanocyte","Keratinocyte","Healing",0.167375334320871,0.105812809064879,0.0177104542926645
"IL6","IL6R","IL6","Melanocyte","Macrophage","Healing",0.167375334320871,0.219615756789536,0.0367582607147796
"IL6","IL6R","IL6","Melanocyte","Myeloid","Healing",0.167375334320871,0.319065361784634,0.0534036715989126
"IL6","IL6R","IL6","Melanocyte","Pericyte","Healing",0.167375334320871,0.0712796893034903,0.0119304618274595
"IL6","IL6R","IL6","Melanocyte","Smooth_Muscle","Healing",0.167375334320871,0.113305924109829,0.0189646169284178
"IL6","IL6R","IL6","Melanocyte","T_cell","Healing",0.167375334320871,0.0795324837200184,0.0133117760520073
"IL6","IL6R","IL6","Myeloid","Endothelial","Healing",0.258961811449957,0.0409452560137854,0.0106032576676121
"IL6","IL6R","IL6","Myeloid","Fibroblast","Healing",0.258961811449957,0.0549793990512292,0.0142375647707364
"IL6","IL6R","IL6","Myeloid","Keratinocyte","Healing",0.258961811449957,0.105812809064879,0.0274014767100494
"IL6","IL6R","IL6","Myeloid","Lymphatic_Endo","Healing",0.258961811449957,0.0438714470708736,0.0113610294044044
"IL6","IL6R","IL6","Myeloid","Macrophage","Healing",0.258961811449957,0.219615756789536,0.0568720942011715
"IL6","IL6R","IL6","Myeloid","Mast_cell","Healing",0.258961811449957,0.0538220212230336,0.0139378481118148
"IL6","IL6R","IL6","Myeloid","Myeloid","Healing",0.258961811449957,0.319065361784634,0.0826257440586847
"IL6","IL6R","IL6","Myeloid","Pericyte","Healing",0.258961811449957,0.0712796893034903,0.018458717461622
"IL6","IL6R","IL6","Myeloid","Smooth_Muscle","Healing",0.258961811449957,0.113305924109829,0.0293419073554926
"IL6","IL6R","IL6","Myeloid","T_cell","Healing",0.258961811449957,0.0795324837200184,0.0205958760532502
"IL6","IL6R","IL6","Pericyte","Macrophage","Healing",0.0793122605947439,0.219615756789536,0.0174182221332036
"IL6","IL6R","IL6","Pericyte","Myeloid","Healing",0.0793122605947439,0.319065361784634,0.0253057951206191
"IL6","IL6R","IL6","Smooth_Muscle","Endothelial","Healing",0.259946924938262,0.0409452560137854,0.0106435933915934
"IL6","IL6R","IL6","Smooth_Muscle","Fibroblast","Healing",0.259946924938262,0.0549793990512292,0.0142917257183206
"IL6","IL6R","IL6","Smooth_Muscle","Keratinocyte","Healing",0.259946924938262,0.105812809064879,0.0275057143354947
"IL6","IL6R","IL6","Smooth_Muscle","Lymphatic_Endo","Healing",0.259946924938262,0.0438714470708736,0.0114042477586653
"IL6","IL6R","IL6","Smooth_Muscle","Macrophage","Healing",0.259946924938262,0.219615756789536,0.0570884406454291
"IL6","IL6R","IL6","Smooth_Muscle","Mast_cell","Healing",0.259946924938262,0.0538220212230336,0.0139908689108895
"IL6","IL6R","IL6","Smooth_Muscle","Myeloid","Healing",0.259946924938262,0.319065361784634,0.0829400596502296
"IL6","IL6R","IL6","Smooth_Muscle","Pericyte","Healing",0.259946924938262,0.0712796893034903,0.018528936044997
"IL6","IL6R","IL6","Smooth_Muscle","Smooth_Muscle","Healing",0.259946924938262,0.113305924109829,0.0294535265496381
"IL6","IL6R","IL6","Smooth_Muscle","T_cell","Healing",0.259946924938262,0.0795324837200184,0.0206742245757211
"IL6","IL6R","IL6","Endothelial","Macrophage","NonHealing",0.0996387396483637,0.379517998498421,0.0378146950442523
"IL6","IL6R","IL6","Endothelial","Myeloid","NonHealing",0.0996387396483637,0.305315552861616,0.0304212568821748
"IL6","IL6R","IL6","Endothelial","Smooth_Muscle","NonHealing",0.0996387396483637,0.162857299209308,0.0162268960357519
"IL6","IL6R","IL6","Endothelial","T_cell","NonHealing",0.0996387396483637,0.182882927439969,0.0182222243933216
"IL6","IL6R","IL6","Fibroblast","Macrophage","NonHealing",0.108367276353405,0.379517998498421,0.0411273318243694
"IL6","IL6R","IL6","Fibroblast","Myeloid","NonHealing",0.108367276353405,0.305315552861616,0.0330862148919473
"IL6","IL6R","IL6","Fibroblast","Smooth_Muscle","NonHealing",0.108367276353405,0.162857299209308,0.0176484019495841
"IL6","IL6R","IL6","Fibroblast","T_cell","NonHealing",0.108367276353405,0.182882927439969,0.0198185247382067
"IL6","IL6R","IL6","Mast_cell","Macrophage","NonHealing",0.0735102628071018,0.379517998498421,0.0278984678096442
"IL6","IL6R","IL6","Mast_cell","Myeloid","NonHealing",0.0735102628071018,0.305315552861616,0.022443826529953
"IL6","IL6R","IL6","Mast_cell","Smooth_Muscle","NonHealing",0.0735102628071018,0.162857299209308,0.011971682864931
"IL6","IL6R","IL6","Mast_cell","T_cell","NonHealing",0.0735102628071018,0.182882927439969,0.0134437720590442
"IL6","IL6R","IL6","Myeloid","Macrophage","NonHealing",0.0419577016145622,0.379517998498421,0.0159237029383526
"IL6","IL6R","IL6","Myeloid","Myeloid","NonHealing",0.0419577016145622,0.305315552861616,0.0128103388652528
"IL6","IL6R","IL6","Pericyte","Macrophage","NonHealing",0.0408758683055603,0.379517998498421,0.0155131277262113
"IL6","IL6R","IL6","Pericyte","Myeloid","NonHealing",0.0408758683055603,0.305315552861616,0.0124800383304108
"IL6","IL6R","IL6","Smooth_Muscle","Fibroblast","NonHealing",0.21066726632394,0.0871896699583658,0.0183680094218155
"IL6","IL6R","IL6","Smooth_Muscle","Keratinocyte","NonHealing",0.21066726632394,0.0549600477503357,0.0115782830165964
"IL6","IL6R","IL6","Smooth_Muscle","Macrophage","NonHealing",0.21066726632394,0.379517998498421,0.0799520192643956
"IL6","IL6R","IL6","Smooth_Muscle","Mast_cell","NonHealing",0.21066726632394,0.0650293584337185,0.0136995571720311
"IL6","IL6R","IL6","Smooth_Muscle","Melanocyte","NonHealing",0.21066726632394,0.0919110244553388,0.019362644267039
"IL6","IL6R","IL6","Smooth_Muscle","Myeloid","NonHealing",0.21066726632394,0.305315552861616,0.0643199928875391
"IL6","IL6R","IL6","Smooth_Muscle","Pericyte","NonHealing",0.21066726632394,0.0500483761994923,0.0105435545978992
"IL6","IL6R","IL6","Smooth_Muscle","Smooth_Muscle","NonHealing",0.21066726632394,0.162857299209308,0.0343087020253248
"IL6","IL6R","IL6","Smooth_Muscle","T_cell","NonHealing",0.21066726632394,0.182882927439969,0.0385274463810977
"CXCL8","CXCR1","CXCL","Macrophage","Keratinocyte","Healing",2.1480235633791,0.005881558516839,0.0126337262835632
"CXCL8","CXCR1","CXCL","Myeloid","Keratinocyte","Healing",3.26638082323501,0.005881558516839,0.0192114099501375
"CXCL8","CXCR1","CXCL","Myeloid","T_cell","Healing",3.26638082323501,0.00457029385141783,0.0149283201928201
"CXCL8","CXCR1","CXCL","Macrophage","T_cell","NonHealing",1.63642638675434,0.00730289331452513,0.0119506473195408
"CXCL8","CXCR1","CXCL","Myeloid","T_cell","NonHealing",2.22371669034016,0.00730289331452513,0.0162395657512831
"CCL2","CCR2","CCL","Endothelial","Macrophage","Healing",0.698269396310187,0.10086960488246,0.0704341581073225
"CCL2","CCR2","CCL","Endothelial","Myeloid","Healing",0.698269396310187,0.118816586352054,0.0829659860236858
"CCL2","CCR2","CCL","Endothelial","T_cell","Healing",0.698269396310187,0.0368189515450055,0.025709547068105
"CCL2","CCR2","CCL","Fibroblast","Macrophage","Healing",0.843828704234693,0.10086960488246,0.0851166679846317
"CCL2","CCR2","CCL","Fibroblast","Mast_cell","Healing",0.843828704234693,0.0124453613214263,0.0105017531175917
"CCL2","CCR2","CCL","Fibroblast","Myeloid","Healing",0.843828704234693,0.118816586352054,0.100260846103043
"CCL2","CCR2","CCL","Fibroblast","T_cell","Healing",0.843828704234693,0.0368189515450055,0.0310688881735019
"CCL2","CCR2","CCL","Keratinocyte","Macrophage","Healing",0.32322164299473,0.10086960488246,0.032603239418338
"CCL2","CCR2","CCL","Keratinocyte","Myeloid","Healing",0.32322164299473,0.118816586352054,0.0384040922557361
"CCL2","CCR2","CCL","Keratinocyte","T_cell","Healing",0.32322164299473,0.0368189515450055,0.01190068201172
"CCL2","CCR2","CCL","Lymphatic_Endo","Macrophage","Healing",0.584891746215744,0.10086960488246,0.0589977993397942
"CCL2","CCR2","CCL","Lymphatic_Endo","Myeloid","Healing",0.584891746215744,0.118816586352054,0.0694948406708465
"CCL2","CCR2","CCL","Lymphatic_Endo","T_cell","Healing",0.584891746215744,0.0368189515450055,0.0215351008629911
"CCL2","CCR2","CCL","Macrophage","Macrophage","Healing",1.20222743140624,0.10086960488246,0.121268205984802
"CCL2","CCR2","CCL","Macrophage","Mast_cell","Healing",1.20222743140624,0.0124453613214263,0.0149621547743809
"CCL2","CCR2","CCL","Macrophage","Myeloid","Healing",1.20222743140624,0.118816586352054,0.142844559418487
"CCL2","CCR2","CCL","Macrophage","T_cell","Healing",1.20222743140624,0.0368189515450055,0.0442647535430227
"CCL2","CCR2","CCL","Mast_cell","Macrophage","Healing",0.100897571266389,0.10086960488246,0.0101774981472405
"CCL2","CCR2","CCL","Mast_cell","Myeloid","Healing",0.100897571266389,0.118816586352054,0.0119883049890854
"CCL2","CCR2","CCL","Myeloid","Macrophage","Healing",0.324474487945087,0.10086960488246,0.0327296133934595
"CCL2","CCR2","CCL","Myeloid","Myeloid","Healing",0.324474487945087,0.118816586352054,0.0385529510159659
"CCL2","CCR2","CCL","Myeloid","T_cell","Healing",0.324474487945087,0.0368189515450055,0.0119468104492406
"CCL2","CCR2","CCL","Pericyte","Macrophage","Healing",0.747297158459471,0.10086960488246,0.0753795691035919
"CCL2","CCR2","CCL","Pericyte","Myeloid","Healing",0.747297158459471,0.118816586352054,0.0887912973587442
"CCL2","CCR2","CCL","Pericyte","T_cell","Healing",0.747297158459471,0.0368189515450055,0.0275146978670395
"CCL2","CCR2","CCL","Smooth_Muscle","Macrophage","Healing",0.816918313381116,0.10086960488246,0.0824022274919989
"CCL2","CCR2","CCL","Smooth_Muscle","Mast_cell","Healing",0.816918313381116,0.0124453613214263,0.0101668435801182
"CCL2","CCR2","CCL","Smooth_Muscle","Myeloid","Healing",0.816918313381116,0.118816586352054,0.0970634453244215
"CCL2","CCR2","CCL","Smooth_Muscle","T_cell","Healing",0.816918313381116,0.0368189515450055,0.0300780757966069
"CCL2","CCR2","CCL","Endothelial","Myeloid","NonHealing",0.612110669887938,0.15304212589757,0.0936787182042357
"CCL2","CCR2","CCL","Endothelial","T_cell","NonHealing",0.612110669887938,0.0755113264296822,0.0462212886049995
"CCL2","CCR2","CCL","Fibroblast","Myeloid","NonHealing",0.570386881059248,0.15304212589757,0.0872932208613917
"CCL2","CCR2","CCL","Fibroblast","T_cell","NonHealing",0.570386881059248,0.0755113264296822,0.0430706699668732
"CCL2","CCR2","CCL","Keratinocyte","Myeloid","NonHealing",0.541873789229351,0.15304212589757,0.0829295166718316
"CCL2","CCR2","CCL","Keratinocyte","T_cell","NonHealing",0.541873789229351,0.0755113264296822,0.0409176085821863
"CCL2","CCR2","CCL","Lymphatic_Endo","Myeloid","NonHealing",0.371521836554846,0.15304212589757,0.0568584916837232
"CCL2","CCR2","CCL","Lymphatic_Endo","T_cell","NonHealing",0.371521836554846,0.0755113264296822,0.028054106675848
"CCL2","CCR2","CCL","Macrophage","Keratinocyte","NonHealing",1.57760495115503,0.00692295075937193,0.0109216813945876
"CCL2","CCR2","CCL","Macrophage","Macrophage","NonHealing",1.57760495115503,0.0110232471527636,0.0173903292860055
"CCL2","CCR2","CCL","Macrophage","Mast_cell","NonHealing",1.57760495115503,0.0142999428381704,0.0225596606227315
"CCL2","CCR2","CCL","Macrophage","Myeloid","NonHealing",1.57760495115503,0.15304212589757,0.241440015551298
"CCL2","CCR2","CCL","Macrophage","T_cell","NonHealing",1.57760495115503,0.0755113264296822,0.11912704244375
"CCL2","CCR2","CCL","Mast_cell","Myeloid","NonHealing",0.147503483299323,0.15304212589757,0.022574246661425
"CCL2","CCR2","CCL","Mast_cell","T_cell","NonHealing",0.147503483299323,0.0755113264296822,0.0111381836769303
"CCL2","CCR2","CCL","Melanocyte","Myeloid","NonHealing",0.140943471857229,0.15304212589757,0.0215702885644146
"CCL2","CCR2","CCL","Melanocyte","T_cell","NonHealing",0.140943471857229,0.0755113264296822,0.0106428285115439
"CCL2","CCR2","CCL","Myeloid","Myeloid","NonHealing",0.308186556371571,0.15304212589757,0.0471655257601565
"CCL2","CCR2","CCL","Myeloid","T_cell","NonHealing",0.308186556371571,0.0755113264296822,0.0232715756594133
"CCL2","CCR2","CCL","Pericyte","Myeloid","NonHealing",0.653148892743825,0.15304212589757,0.0999592950731589
"CCL2","CCR2","CCL","Pericyte","T_cell","NonHealing",0.653148892743825,0.0755113264296822,0.0493201392471644
"CCL2","CCR2","CCL","Smooth_Muscle","Macrophage","NonHealing",1.03173873657627,0.0110232471527636,0.0113731110903604
"CCL2","CCR2","CCL","Smooth_Muscle","Mast_cell","NonHealing",1.03173873657627,0.0142999428381704,0.0147538049569668
"CCL2","CCR2","CCL","Smooth_Muscle","Myeloid","NonHealing",1.03173873657627,0.15304212589757,0.157899489616506
"CCL2","CCR2","CCL","Smooth_Muscle","T_cell","NonHealing",1.03173873657627,0.0755113264296822,0.077907960527759
"TGFB1","TGFBR1","TGFb","Endothelial","Endothelial","Healing",0.40173317011669,0.0999897454428983,0.0401691974159364
"TGFB1","TGFBR1","TGFb","Endothelial","Fibroblast","Healing",0.40173317011669,0.31867197767535,0.128021103818873
"TGFB1","TGFBR1","TGFb","Endothelial","Keratinocyte","Healing",0.40173317011669,0.187283600819457,0.0752380346680691
"TGFB1","TGFBR1","TGFb","Endothelial","Lymphatic_Endo","Healing",0.40173317011669,0.033015018087917,0.0132632278779188
"TGFB1","TGFBR1","TGFb","Endothelial","Macrophage","Healing",0.40173317011669,0.1326738248766,0.0532994762591832
"TGFB1","TGFBR1","TGFb","Endothelial","Mast_cell","Healing",0.40173317011669,0.0731280764939352,0.0293779739944444
"TGFB1","TGFBR1","TGFb","Endothelial","Melanocyte","Healing",0.40173317011669,0.209377425944084,0.0841138570753895
"TGFB1","TGFBR1","TGFb","Endothelial","Myeloid","Healing",0.40173317011669,0.108465166241412,0.0435740550813962
"TGFB1","TGFBR1","TGFb","Endothelial","Pericyte","Healing",0.40173317011669,0.112691933879954,0.0452720878441742
"TGFB1","TGFBR1","TGFb","Endothelial","Smooth_Muscle","Healing",0.40173317011669,0.103801106926931,0.0417003477473776
"TGFB1","TGFBR1","TGFb","Endothelial","T_cell","Healing",0.40173317011669,0.101360692527109,0.0407199523341388
"TGFB1","TGFBR1","TGFb","Fibroblast","Endothelial","Healing",0.36331322271828,0.0999897454428983,0.0363275966556398
"TGFB1","TGFBR1","TGFb","Fibroblast","Fibroblast","Healing",0.36331322271828,0.31867197767535,0.115777743199239
"TGFB1","TGFBR1","TGFb","Fibroblast","Keratinocyte","Healing",0.36331322271828,0.187283600819457,0.0680426085760008
"TGFB1","TGFBR1","TGFb","Fibroblast","Lymphatic_Endo","Healing",0.36331322271828,0.033015018087917,0.0119947926196234
"TGFB1","TGFBR1","TGFb","Fibroblast","Macrophage","Healing",0.36331322271828,0.1326738248766,0.0482021548862784
"TGFB1","TGFBR1","TGFb","Fibroblast","Mast_cell","Healing",0.36331322271828,0.0731280764939352,0.0265683971422005
"TGFB1","TGFBR1","TGFb","Fibroblast","Melanocyte","Healing",0.36331322271828,0.209377425944084,0.0760695873842033
"TGFB1","TGFBR1","TGFb","Fibroblast","Myeloid","Healing",0.36331322271828,0.108465166241412,0.0394068290998414
"TGFB1","TGFBR1","TGFb","Fibroblast","Pericyte","Healing",0.36331322271828,0.112691933879954,0.0409424696722813
"TGFB1","TGFBR1","TGFb","Fibroblast","Smooth_Muscle","Healing",0.36331322271828,0.103801106926931,0.0377123146793481
"TGFB1","TGFBR1","TGFb","Fibroblast","T_cell","Healing",0.36331322271828,0.101360692527109,0.0368256798589808
"TGFB1","TGFBR1","TGFb","Keratinocyte","Endothelial","Healing",0.231202110447463,0.0999897454428983,0.0231178401695027
"TGFB1","TGFBR1","TGFb","Keratinocyte","Fibroblast","Healing",0.231202110447463,0.31867197767535,0.0736776337790078
"TGFB1","TGFBR1","TGFb","Keratinocyte","Keratinocyte","Healing",0.231202110447463,0.187283600819457,0.0433003637616587
"TGFB1","TGFBR1","TGFb","Keratinocyte","Macrophage","Healing",0.231202110447463,0.1326738248766,0.0306744683126072
"TGFB1","TGFBR1","TGFb","Keratinocyte","Mast_cell","Healing",0.231202110447463,0.0731280764939352,0.0169073656183614
"TGFB1","TGFBR1","TGFb","Keratinocyte","Melanocyte","Healing",0.231202110447463,0.209377425944084,0.0484085027583298
"TGFB1","TGFBR1","TGFb","Keratinocyte","Myeloid","Healing",0.231202110447463,0.108465166241412,0.0250773753450494
"TGFB1","TGFBR1","TGFb","Keratinocyte","Pericyte","Healing",0.231202110447463,0.112691933879954,0.0260546129434513
"TGFB1","TGFBR1","TGFb","Keratinocyte","Smooth_Muscle","Healing",0.231202110447463,0.103801106926931,0.0239990349882893
"TGFB1","TGFBR1","TGFb","Keratinocyte","T_cell","Healing",0.231202110447463,0.101360692527109,0.0234348060286841
"TGFB1","TGFBR1","TGFb","Lymphatic_Endo","Endothelial","Healing",0.859531593806425,0.0999897454428983,0.0859443452648331
"TGFB1","TGFBR1","TGFb","Lymphatic_Endo","Fibroblast","Healing",0.859531593806425,0.31867197767535,0.273908632872739
"TGFB1","TGFBR1","TGFb","Lymphatic_Endo","Keratinocyte","Healing",0.859531593806425,0.187283600819457,0.160976171906154
"TGFB1","TGFBR1","TGFb","Lymphatic_Endo","Lymphatic_Endo","Healing",0.859531593806425,0.033015018087917,0.0283774511166553
"TGFB1","TGFBR1","TGFb","Lymphatic_Endo","Macrophage","Healing",0.859531593806425,0.1326738248766,0.114037344152579
"TGFB1","TGFBR1","TGFb","Lymphatic_Endo","Mast_cell","Healing",0.859531593806425,0.0731280764939352,0.0628558921408303
"TGFB1","TGFBR1","TGFb","Lymphatic_Endo","Melanocyte","Healing",0.859531593806425,0.209377425944084,0.179966512628806
"TGFB1","TGFBR1","TGFb","Lymphatic_Endo","Myeloid","Healing",0.859531593806425,0.108465166241412,0.0932292372119596
"TGFB1","TGFBR1","TGFb","Lymphatic_Endo","Pericyte","Healing",0.859531593806425,0.112691933879954,0.0968622775369648
"TGFB1","TGFBR1","TGFb","Lymphatic_Endo","Smooth_Muscle","Healing",0.859531593806425,0.103801106926931,0.0892203308757763
"TGFB1","TGFBR1","TGFb","Lymphatic_Endo","T_cell","Healing",0.859531593806425,0.101360692527109,0.0871227175971494
"TGFB1","TGFBR1","TGFb","Macrophage","Endothelial","Healing",0.46278145235104,0.0999897454428983,0.0462733996162753
"TGFB1","TGFBR1","TGFb","Macrophage","Fibroblast","Healing",0.46278145235104,0.31867197767535,0.147475480652177
"TGFB1","TGFBR1","TGFb","Macrophage","Keratinocyte","Healing",0.46278145235104,0.187283600819457,0.0866713767887607
"TGFB1","TGFBR1","TGFb","Macrophage","Lymphatic_Endo","Healing",0.46278145235104,0.033015018087917,0.0152787380201221
"TGFB1","TGFBR1","TGFb","Macrophage","Macrophage","Healing",0.46278145235104,0.1326738248766,0.0613989853653607
"TGFB1","TGFBR1","TGFb","Macrophage","Mast_cell","Healing",0.46278145235104,0.0731280764939352,0.0338423174475013
"TGFB1","TGFBR1","TGFb","Macrophage","Melanocyte","Healing",0.46278145235104,0.209377425944084,0.0968959892679257
"TGFB1","TGFBR1","TGFb","Macrophage","Myeloid","Healing",0.46278145235104,0.108465166241412,0.0501956671626976
"TGFB1","TGFBR1","TGFb","Macrophage","Pericyte","Healing",0.46278145235104,0.112691933879954,0.0521517368292123
"TGFB1","TGFBR1","TGFb","Macrophage","Smooth_Muscle","Healing",0.46278145235104,0.103801106926931,0.0480372270192908
"TGFB1","TGFBR1","TGFb","Macrophage","T_cell","Healing",0.46278145235104,0.101360692527109,0.0469078484990029
"TGFB1","TGFBR1","TGFb","Mast_cell","Endothelial","Healing",0.367024129567771,0.0999897454428983,0.0366986492868827
"TGFB1","TGFBR1","TGFb","Mast_cell","Fibroblast","Healing",0.367024129567771,0.31867197767535,0.116960305223935
"TGFB1","TGFBR1","TGFb","Mast_cell","Keratinocyte","Healing",0.367024129567771,0.187283600819457,0.068737600573079
"TGFB1","TGFBR1","TGFb","Mast_cell","Lymphatic_Endo","Healing",0.367024129567771,0.033015018087917,0.012117308276382
"TGFB1","TGFBR1","TGFb","Mast_cell","Macrophage","Healing",0.367024129567771,0.1326738248766,0.0486944950917611
"TGFB1","TGFBR1","TGFb","Mast_cell","Mast_cell","Healing",0.367024129567771,0.0731280764939352,0.0268397686221519
"TGFB1","TGFBR1","TGFb","Mast_cell","Melanocyte","Healing",0.367024129567771,0.209377425944084,0.076846567508268
"TGFB1","TGFBR1","TGFb","Mast_cell","Myeloid","Healing",0.367024129567771,0.108465166241412,0.0398093332281778
"TGFB1","TGFBR1","TGFb","Mast_cell","Pericyte","Healing",0.367024129567771,0.112691933879954,0.0413606589415988
"TGFB1","TGFBR1","TGFb","Mast_cell","Smooth_Muscle","Healing",0.367024129567771,0.103801106926931,0.038097510918028
"TGFB1","TGFBR1","TGFb","Mast_cell","T_cell","Healing",0.367024129567771,0.101360692527109,0.0372018199471488
"TGFB1","TGFBR1","TGFb","Melanocyte","Endothelial","Healing",0.405152989574459,0.0999897454428983,0.0405111442929794
"TGFB1","TGFBR1","TGFb","Melanocyte","Fibroblast","Healing",0.405152989574459,0.31867197767535,0.129110904448773
"TGFB1","TGFBR1","TGFb","Melanocyte","Keratinocyte","Healing",0.405152989574459,0.187283600819457,0.0758785107702726
"TGFB1","TGFBR1","TGFb","Melanocyte","Lymphatic_Endo","Healing",0.405152989574459,0.033015018087917,0.0133761332791744
"TGFB1","TGFBR1","TGFb","Melanocyte","Macrophage","Healing",0.405152989574459,0.1326738248766,0.0537531967870329
"TGFB1","TGFBR1","TGFb","Melanocyte","Mast_cell","Healing",0.405152989574459,0.0731280764939352,0.0296280588133476
"TGFB1","TGFBR1","TGFb","Melanocyte","Melanocyte","Healing",0.405152989574459,0.209377425944084,0.0848298900706507
"TGFB1","TGFBR1","TGFb","Melanocyte","Myeloid","Healing",0.405152989574459,0.108465166241412,0.0439449863673987
"TGFB1","TGFBR1","TGFb","Melanocyte","Pericyte","Healing",0.405152989574459,0.112691933879954,0.0456574739123905
"TGFB1","TGFBR1","TGFb","Melanocyte","Smooth_Muscle","Healing",0.405152989574459,0.103801106926931,0.0420553287925842
"TGFB1","TGFBR1","TGFb","Melanocyte","T_cell","Healing",0.405152989574459,0.101360692527109,0.0410665876026959
"TGFB1","TGFBR1","TGFb","Myeloid","Endothelial","Healing",0.53581529460656,0.0999897454428983,0.0535760349121215
"TGFB1","TGFBR1","TGFb","Myeloid","Fibroblast","Healing",0.53581529460656,0.31867197767535,0.170749319600973
"TGFB1","TGFBR1","TGFb","Myeloid","Keratinocyte","Healing",0.53581529460656,0.187283600819457,0.100349417748055
"TGFB1","TGFBR1","TGFb","Myeloid","Lymphatic_Endo","Healing",0.53581529460656,0.033015018087917,0.0176899516432182
"TGFB1","TGFBR1","TGFb","Myeloid","Macrophage","Healing",0.53581529460656,0.1326738248766,0.0710886645628348
"TGFB1","TGFBR1","TGFb","Myeloid","Mast_cell","Healing",0.53581529460656,0.0731280764939352,0.039183141850609
"TGFB1","TGFBR1","TGFb","Myeloid","Melanocyte","Healing",0.53581529460656,0.209377425944084,0.112187627166193
"TGFB1","TGFBR1","TGFb","Myeloid","Myeloid","Healing",0.53581529460656,0.108465166241412,0.0581172950041916
"TGFB1","TGFBR1","TGFb","Myeloid","Pericyte","Healing",0.53581529460656,0.112691933879954,0.0603820617516704
"TGFB1","TGFBR1","TGFb","Myeloid","Smooth_Muscle","Healing",0.53581529460656,0.103801106926931,0.0556182206885407
"TGFB1","TGFBR1","TGFb","Myeloid","T_cell","Healing",0.53581529460656,0.101360692527109,0.0543106093279381
"TGFB1","TGFBR1","TGFb","Pericyte","Endothelial","Healing",0.296931224413047,0.0999897454428983,0.0296900775431086
"TGFB1","TGFBR1","TGFb","Pericyte","Fibroblast","Healing",0.296931224413047,0.31867197767535,0.0946236605172687
"TGFB1","TGFBR1","TGFb","Pericyte","Keratinocyte","Healing",0.296931224413047,0.187283600819457,0.0556103489038056
"TGFB1","TGFBR1","TGFb","Pericyte","Macrophage","Healing",0.296931224413047,0.1326738248766,0.0393950012681711
"TGFB1","TGFBR1","TGFb","Pericyte","Mast_cell","Healing",0.296931224413047,0.0731280764939352,0.0217140092923151
"TGFB1","TGFBR1","TGFb","Pericyte","Melanocyte","Healing",0.296931224413047,0.209377425944084,0.0621706954500289
"TGFB1","TGFBR1","TGFb","Pericyte","Myeloid","Healing",0.296931224413047,0.108465166241412,0.0322066946182271
"TGFB1","TGFBR1","TGFb","Pericyte","Pericyte","Healing",0.296931224413047,0.112691933879954,0.0334617539084487
"TGFB1","TGFBR1","TGFb","Pericyte","Smooth_Muscle","Healing",0.296931224413047,0.103801106926931,0.0308217897752432
"TGFB1","TGFBR1","TGFb","Pericyte","T_cell","Healing",0.296931224413047,0.101360692527109,0.0300971545394289
"TGFB1","TGFBR1","TGFb","Smooth_Muscle","Endothelial","Healing",0.271209750839145,0.0999897454428983,0.0271181939480379
"TGFB1","TGFBR1","TGFb","Smooth_Muscle","Fibroblast","Healing",0.271209750839145,0.31867197767535,0.0864269476647491
"TGFB1","TGFBR1","TGFb","Smooth_Muscle","Keratinocyte","Healing",0.271209750839145,0.187283600819457,0.0507931387145027
"TGFB1","TGFBR1","TGFb","Smooth_Muscle","Macrophage","Healing",0.271209750839145,0.1326738248766,0.0359824349876591
"TGFB1","TGFBR1","TGFb","Smooth_Muscle","Mast_cell","Healing",0.271209750839145,0.0731280764939352,0.0198330474052661
"TGFB1","TGFBR1","TGFb","Smooth_Muscle","Melanocyte","Healing",0.271209750839145,0.209377425944084,0.0567851995216366
"TGFB1","TGFBR1","TGFb","Smooth_Muscle","Myeloid","Healing",0.271209750839145,0.108465166241412,0.0294168107110597
"TGFB1","TGFBR1","TGFb","Smooth_Muscle","Pericyte","Healing",0.271209750839145,0.112691933879954,0.0305631513091636
"TGFB1","TGFBR1","TGFb","Smooth_Muscle","Smooth_Muscle","Healing",0.271209750839145,0.103801106926931,0.0281518723464804
"TGFB1","TGFBR1","TGFb","Smooth_Muscle","T_cell","Healing",0.271209750839145,0.101360692527109,0.0274900081651605
"TGFB1","TGFBR1","TGFb","T_cell","Endothelial","Healing",0.683721176530649,0.0999897454428983,0.0683651063952185
"TGFB1","TGFBR1","TGFb","T_cell","Fibroblast","Healing",0.683721176530649,0.31867197767535,0.217882779503539
"TGFB1","TGFBR1","TGFb","T_cell","Keratinocyte","Healing",0.683721176530649,0.187283600819457,0.128049763897175
"TGFB1","TGFBR1","TGFb","T_cell","Lymphatic_Endo","Healing",0.683721176530649,0.033015018087917,0.0225730670102513
"TGFB1","TGFBR1","TGFb","T_cell","Macrophage","Healing",0.683721176530649,0.1326738248766,0.0907119036394504
"TGFB1","TGFBR1","TGFb","T_cell","Mast_cell","Healing",0.683721176530649,0.0731280764939352,0.0499992144978566
"TGFB1","TGFBR1","TGFb","T_cell","Melanocyte","Healing",0.683721176530649,0.209377425944084,0.143155780005448
"TGFB1","TGFBR1","TGFb","T_cell","Myeloid","Healing",0.683721176530649,0.108465166241412,0.0741599310751705
"TGFB1","TGFBR1","TGFb","T_cell","Pericyte","Healing",0.683721176530649,0.112691933879954,0.0770498616179159
"TGFB1","TGFBR1","TGFb","T_cell","Smooth_Muscle","Healing",0.683721176530649,0.103801106926931,0.070971014953265
"TGFB1","TGFBR1","TGFb","T_cell","T_cell","Healing",0.683721176530649,0.101360692527109,0.0693024519485966
"TGFB1","TGFBR1","TGFb","Endothelial","Endothelial","NonHealing",0.352411510143043,0.0833982935356545,0.0293905185682528
"TGFB1","TGFBR1","TGFb","Endothelial","Fibroblast","NonHealing",0.352411510143043,0.185440755521187,0.0653514566952882
"TGFB1","TGFBR1","TGFb","Endothelial","Keratinocyte","NonHealing",0.352411510143043,0.0605638413662767,0.0213433947959533
"TGFB1","TGFBR1","TGFb","Endothelial","Lymphatic_Endo","NonHealing",0.352411510143043,0.0605295004336201,0.021331292656016
"TGFB1","TGFBR1","TGFb","Endothelial","Macrophage","NonHealing",0.352411510143043,0.263068394099439,0.0927083300354886
"TGFB1","TGFBR1","TGFb","Endothelial","Mast_cell","NonHealing",0.352411510143043,0.0565992351435251,0.0199462219298709
"TGFB1","TGFBR1","TGFb","Endothelial","Melanocyte","NonHealing",0.352411510143043,0.155626190219322,0.0548444607129996
"TGFB1","TGFBR1","TGFb","Endothelial","Myeloid","NonHealing",0.352411510143043,0.107736790850332,0.0379676851615307
"TGFB1","TGFBR1","TGFb","Endothelial","Pericyte","NonHealing",0.352411510143043,0.0843233662850809,0.0297165248528703
"TGFB1","TGFBR1","TGFb","Endothelial","Smooth_Muscle","NonHealing",0.352411510143043,0.0722727943833304,0.0254697646108871
"TGFB1","TGFBR1","TGFb","Endothelial","T_cell","NonHealing",0.352411510143043,0.10217582443478,0.0360079365891714
"TGFB1","TGFBR1","TGFb","Fibroblast","Endothelial","NonHealing",0.295228546895659,0.0833982935356545,0.0246215570141089
"TGFB1","TGFBR1","TGFb","Fibroblast","Fibroblast","NonHealing",0.295228546895659,0.185440755521187,0.054747404787753
"TGFB1","TGFBR1","TGFb","Fibroblast","Keratinocyte","NonHealing",0.295228546895659,0.0605638413662767,0.017880174880985
"TGFB1","TGFBR1","TGFb","Fibroblast","Lymphatic_Endo","NonHealing",0.295228546895659,0.0605295004336201,0.0178700364573378
"TGFB1","TGFBR1","TGFb","Fibroblast","Macrophage","NonHealing",0.295228546895659,0.263068394099439,0.0776652997241519
"TGFB1","TGFBR1","TGFb","Fibroblast","Mast_cell","NonHealing",0.295228546895659,0.0565992351435251,0.0167097099468286
"TGFB1","TGFBR1","TGFb","Fibroblast","Melanocyte","NonHealing",0.295228546895659,0.155626190219322,0.0459452939973577
"TGFB1","TGFBR1","TGFb","Fibroblast","Myeloid","NonHealing",0.295228546895659,0.107736790850332,0.031806976209945
"TGFB1","TGFBR1","TGFb","Fibroblast","Pericyte","NonHealing",0.295228546895659,0.0843233662850809,0.0248946648976948
"TGFB1","TGFBR1","TGFb","Fibroblast","Smooth_Muscle","NonHealing",0.295228546895659,0.0722727943833304,0.0213369920658794
"TGFB1","TGFBR1","TGFb","Fibroblast","T_cell","NonHealing",0.295228546895659,0.10217582443478,0.0301652201757462
"TGFB1","TGFBR1","TGFb","Keratinocyte","Fibroblast","NonHealing",0.112240514013166,0.185440755521187,0.0208139657186879
"TGFB1","TGFBR1","TGFb","Keratinocyte","Macrophage","NonHealing",0.112240514013166,0.263068394099439,0.0295269317743392
"TGFB1","TGFBR1","TGFb","Keratinocyte","Melanocyte","NonHealing",0.112240514013166,0.155626190219322,0.0174675635841274
"TGFB1","TGFBR1","TGFb","Keratinocyte","Myeloid","NonHealing",0.112240514013166,0.107736790850332,0.0120924327831702
"TGFB1","TGFBR1","TGFb","Keratinocyte","T_cell","NonHealing",0.112240514013166,0.10217582443478,0.0114682670542788
"TGFB1","TGFBR1","TGFb","Lymphatic_Endo","Endothelial","NonHealing",0.465801469491032,0.0833982935356545,0.0388470476819523
"TGFB1","TGFBR1","TGFb","Lymphatic_Endo","Fibroblast","NonHealing",0.465801469491032,0.185440755521187,0.0863785764252959
"TGFB1","TGFBR1","TGFb","Lymphatic_Endo","Keratinocyte","NonHealing",0.465801469491032,0.0605638413662767,0.0282107263064334
"TGFB1","TGFBR1","TGFb","Lymphatic_Endo","Lymphatic_Endo","NonHealing",0.465801469491032,0.0605295004336201,0.0281947302495383
"TGFB1","TGFBR1","TGFb","Lymphatic_Endo","Macrophage","NonHealing",0.465801469491032,0.263068394099439,0.122537644548165
"TGFB1","TGFBR1","TGFb","Lymphatic_Endo","Mast_cell","NonHealing",0.465801469491032,0.0565992351435251,0.0263640069019224
"TGFB1","TGFBR1","TGFb","Lymphatic_Endo","Melanocyte","NonHealing",0.465801469491032,0.155626190219322,0.0724909080954509
"TGFB1","TGFBR1","TGFb","Lymphatic_Endo","Myeloid","NonHealing",0.465801469491032,0.107736790850332,0.0501839554963326
"TGFB1","TGFBR1","TGFb","Lymphatic_Endo","Pericyte","NonHealing",0.465801469491032,0.0843233662850809,0.0392779479280213
"TGFB1","TGFBR1","TGFb","Lymphatic_Endo","Smooth_Muscle","NonHealing",0.465801469491032,0.0722727943833304,0.0336647738279785
"TGFB1","TGFBR1","TGFb","Lymphatic_Endo","T_cell","NonHealing",0.465801469491032,0.10217582443478,0.0475936491681785
"TGFB1","TGFBR1","TGFb","Macrophage","Endothelial","NonHealing",0.789582787706917,0.0833982935356545,0.0658498570998819
"TGFB1","TGFBR1","TGFb","Macrophage","Fibroblast","NonHealing",0.789582787706917,0.185440755521187,0.146420828698895
"TGFB1","TGFBR1","TGFb","Macrophage","Keratinocyte","NonHealing",0.789582787706917,0.0605638413662767,0.0478201667002242
"TGFB1","TGFBR1","TGFb","Macrophage","Lymphatic_Endo","NonHealing",0.789582787706917,0.0605295004336201,0.0477930516908848
"TGFB1","TGFBR1","TGFb","Macrophage","Macrophage","NonHealing",0.789582787706917,0.263068394099439,0.207714275970617
"TGFB1","TGFBR1","TGFb","Macrophage","Mast_cell","NonHealing",0.789582787706917,0.0565992351435251,0.0446897818667038
"TGFB1","TGFBR1","TGFb","Macrophage","Melanocyte","NonHealing",0.789582787706917,0.155626190219322,0.122879761113579
"TGFB1","TGFBR1","TGFb","Macrophage","Myeloid","NonHealing",0.789582787706917,0.107736790850332,0.0850671156582022
"TGFB1","TGFBR1","TGFb","Macrophage","Pericyte","NonHealing",0.789582787706917,0.0843233662850809,0.0665802786202057
"TGFB1","TGFBR1","TGFb","Macrophage","Smooth_Muscle","NonHealing",0.789582787706917,0.0722727943833304,0.0570653544645589
"TGFB1","TGFBR1","TGFb","Macrophage","T_cell","NonHealing",0.789582787706917,0.10217582443478,0.0806762722934665
"TGFB1","TGFBR1","TGFb","Mast_cell","Endothelial","NonHealing",0.330743713712964,0.0833982935356545,0.0275834613213063
"TGFB1","TGFBR1","TGFb","Mast_cell","Fibroblast","NonHealing",0.330743713712964,0.185440755521187,0.0613333641548151
"TGFB1","TGFBR1","TGFb","Mast_cell","Keratinocyte","NonHealing",0.330743713712964,0.0605638413662767,0.0200311098102052
"TGFB1","TGFBR1","TGFb","Mast_cell","Lymphatic_Endo","NonHealing",0.330743713712964,0.0605295004336201,0.020019751762606
"TGFB1","TGFBR1","TGFb","Mast_cell","Macrophage","NonHealing",0.330743713712964,0.263068394099439,0.0870082176249542
"TGFB1","TGFBR1","TGFb","Mast_cell","Mast_cell","NonHealing",0.330743713712964,0.0565992351435251,0.0187198412246828
"TGFB1","TGFBR1","TGFb","Mast_cell","Melanocyte","NonHealing",0.330743713712964,0.155626190219322,0.0514723841041386
"TGFB1","TGFBR1","TGFb","Mast_cell","Myeloid","NonHealing",0.330743713712964,0.107736790850332,0.0356332663093557
"TGFB1","TGFBR1","TGFb","Mast_cell","Pericyte","NonHealing",0.330743713712964,0.0843233662850809,0.0278894233179062
"TGFB1","TGFBR1","TGFb","Mast_cell","Smooth_Muscle","NonHealing",0.330743713712964,0.0722727943833304,0.0239037724147561
"TGFB1","TGFBR1","TGFb","Mast_cell","T_cell","NonHealing",0.330743713712964,0.10217582443478,0.0337940116252431
"TGFB1","TGFBR1","TGFb","Melanocyte","Macrophage","NonHealing",0.0521131334534029,0.263068394099439,0.0137093183290765
"TGFB1","TGFBR1","TGFb","Myeloid","Endothelial","NonHealing",0.703048329045053,0.0833982935356545,0.0586330309154508
"TGFB1","TGFBR1","TGFb","Myeloid","Fibroblast","NonHealing",0.703048329045053,0.185440755521187,0.130373813306022
"TGFB1","TGFBR1","TGFb","Myeloid","Keratinocyte","NonHealing",0.703048329045053,0.0605638413662767,0.0425793074731105
"TGFB1","TGFBR1","TGFb","Myeloid","Lymphatic_Endo","NonHealing",0.703048329045053,0.0605295004336201,0.0425551641377885
"TGFB1","TGFBR1","TGFb","Myeloid","Macrophage","NonHealing",0.703048329045053,0.263068394099439,0.184949794896176
"TGFB1","TGFBR1","TGFb","Myeloid","Mast_cell","NonHealing",0.703048329045053,0.0565992351435251,0.0397919976928834
"TGFB1","TGFBR1","TGFb","Myeloid","Melanocyte","NonHealing",0.703048329045053,0.155626190219322,0.109412732989342
"TGFB1","TGFBR1","TGFb","Myeloid","Myeloid","NonHealing",0.703048329045053,0.107736790850332,0.0757441707840023
"TGFB1","TGFBR1","TGFb","Myeloid","Pericyte","NonHealing",0.703048329045053,0.0843233662850809,0.0592834017661801
"TGFB1","TGFBR1","TGFb","Myeloid","Smooth_Muscle","NonHealing",0.703048329045053,0.0722727943833304,0.0508112673266172
"TGFB1","TGFBR1","TGFb","Myeloid","T_cell","NonHealing",0.703048329045053,0.10217582443478,0.0718345426376731
"TGFB1","TGFBR1","TGFb","Pericyte","Endothelial","NonHealing",0.249976973179291,0.0833982935356545,0.020847652986361
"TGFB1","TGFBR1","TGFb","Pericyte","Fibroblast","NonHealing",0.249976973179291,0.185440755521187,0.0463559187692671
"TGFB1","TGFBR1","TGFb","Pericyte","Keratinocyte","NonHealing",0.249976973179291,0.0605638413662767,0.0151395657488526
"TGFB1","TGFBR1","TGFb","Pericyte","Lymphatic_Endo","NonHealing",0.249976973179291,0.0605295004336201,0.0151309813064509
"TGFB1","TGFBR1","TGFb","Pericyte","Macrophage","NonHealing",0.249976973179291,0.263068394099439,0.0657610408961147
"TGFB1","TGFBR1","TGFb","Pericyte","Mast_cell","NonHealing",0.249976973179291,0.0565992351435251,0.0141485054854414
"TGFB1","TGFBR1","TGFb","Pericyte","Melanocyte","NonHealing",0.249976973179291,0.155626190219322,0.0389029639784506
"TGFB1","TGFBR1","TGFb","Pericyte","Myeloid","NonHealing",0.249976973179291,0.107736790850332,0.0269317168768163
"TGFB1","TGFBR1","TGFb","Pericyte","Pericyte","NonHealing",0.249976973179291,0.0843233662850809,0.0210788998722332
"TGFB1","TGFBR1","TGFb","Pericyte","Smooth_Muscle","NonHealing",0.249976973179291,0.0722727943833304,0.0180665343831542
"TGFB1","TGFBR1","TGFb","Pericyte","T_cell","NonHealing",0.249976973179291,0.10217582443478,0.0255416033243051
"TGFB1","TGFBR1","TGFb","Smooth_Muscle","Endothelial","NonHealing",0.225207857077046,0.0833982935356545,0.0187819509710472
"TGFB1","TGFBR1","TGFb","Smooth_Muscle","Fibroblast","NonHealing",0.225207857077046,0.185440755521187,0.0417627151656748
"TGFB1","TGFBR1","TGFb","Smooth_Muscle","Keratinocyte","NonHealing",0.225207857077046,0.0605638413662767,0.0136394529304533
"TGFB1","TGFBR1","TGFb","Smooth_Muscle","Lymphatic_Endo","NonHealing",0.225207857077046,0.0605295004336201,0.0136317190825997
"TGFB1","TGFBR1","TGFb","Smooth_Muscle","Macrophage","NonHealing",0.225207857077046,0.263068394099439,0.0592450692998345
"TGFB1","TGFBR1","TGFb","Smooth_Muscle","Mast_cell","NonHealing",0.225207857077046,0.0565992351435251,0.0127465924588731
"TGFB1","TGFBR1","TGFb","Smooth_Muscle","Melanocyte","NonHealing",0.225207857077046,0.155626190219322,0.0350482408043582
"TGFB1","TGFBR1","TGFb","Smooth_Muscle","Myeloid","NonHealing",0.225207857077046,0.107736790850332,0.0242631717957612
"TGFB1","TGFBR1","TGFb","Smooth_Muscle","Pericyte","NonHealing",0.225207857077046,0.0843233662850809,0.0189902846225859
"TGFB1","TGFBR1","TGFb","Smooth_Muscle","Smooth_Muscle","NonHealing",0.225207857077046,0.0722727943833304,0.0162764011480398
"TGFB1","TGFBR1","TGFb","Smooth_Muscle","T_cell","NonHealing",0.225207857077046,0.10217582443478,0.0230107984660374
"TGFB1","TGFBR1","TGFb","T_cell","Endothelial","NonHealing",0.904621058628926,0.0833982935356545,0.0754438525860697
"TGFB1","TGFBR1","TGFb","T_cell","Fibroblast","NonHealing",0.904621058628926,0.185440755521187,0.167753612572524
"TGFB1","TGFBR1","TGFb","T_cell","Keratinocyte","NonHealing",0.904621058628926,0.0605638413662767,0.0547873262913955
"TGFB1","TGFBR1","TGFb","T_cell","Lymphatic_Endo","NonHealing",0.904621058628926,0.0605295004336201,0.0547562607605415
"TGFB1","TGFBR1","TGFb","T_cell","Macrophage","NonHealing",0.904621058628926,0.263068394099439,0.237977209162046
"TGFB1","TGFBR1","TGFb","T_cell","Mast_cell","NonHealing",0.904621058628926,0.0565992351435251,0.0512008600131232
"TGFB1","TGFBR1","TGFb","T_cell","Melanocyte","NonHealing",0.904621058628926,0.155626190219322,0.140782728946589
"TGFB1","TGFBR1","TGFb","T_cell","Myeloid","NonHealing",0.904621058628926,0.107736790850332,0.0974609697923105
"TGFB1","TGFBR1","TGFb","T_cell","Pericyte","NonHealing",0.904621058628926,0.0843233662850809,0.0762806928759646
"TGFB1","TGFBR1","TGFb","T_cell","Smooth_Muscle","NonHealing",0.904621058628926,0.0722727943833304,0.065379491765119
"TGFB1","TGFBR1","TGFb","T_cell","T_cell","NonHealing",0.904621058628926,0.10217582443478,0.0924304024664744
"HGF","MET","HGF","Fibroblast","Endothelial","Healing",0.124991848053249,0.184203590165659,0.023023947152849
"HGF","MET","HGF","Melanocyte","Endothelial","Healing",0.459514852057859,0.184203590165659,0.0846442854834992
"HGF","MET","HGF","Melanocyte","Keratinocyte","Healing",0.459514852057859,0.0641894561057696,0.0294960084261171
"HGF","MET","HGF","Melanocyte","Lymphatic_Endo","Healing",0.459514852057859,0.0313097422137888,0.0143872915613389
"HGF","MET","HGF","Pericyte","Endothelial","Healing",0.148941935439363,0.184203590165659,0.0274356392341524
"HGF","MET","HGF","Smooth_Muscle","Endothelial","Healing",0.107249862073957,0.184203590165659,0.0197558096387947
"HGF","MET","HGF","Fibroblast","Endothelial","NonHealing",0.104400582246233,0.223869408778076,0.0233720966235511
"HGF","MET","HGF","Lymphatic_Endo","Endothelial","NonHealing",0.120077382259604,0.223869408778076,0.0268816525740766
"HGF","MET","HGF","Lymphatic_Endo","Lymphatic_Endo","NonHealing",0.120077382259604,0.0879340823452131,0.0105588944194137
"HGF","MET","HGF","Macrophage","Endothelial","NonHealing",0.136349871844359,0.223869408778076,0.0305245651967631
"HGF","MET","HGF","Macrophage","Lymphatic_Endo","NonHealing",0.136349871844359,0.0879340823452131,0.0119898008585211
"HGF","MET","HGF","Pericyte","Endothelial","NonHealing",0.173713007574322,0.223869408778076,0.0388890283027248
"HGF","MET","HGF","Pericyte","Lymphatic_Endo","NonHealing",0.173713007574322,0.0879340823452131,0.015275293912475
"HGF","MET","HGF","Smooth_Muscle","Endothelial","NonHealing",0.0687261133903216,0.223869408778076,0.0153856743723063
"FGF2","FGFR1","FGF","Endothelial","Endothelial","Healing",0.159701019152379,0.319907979403211,0.051089630345671
"FGF2","FGFR1","FGF","Endothelial","Fibroblast","Healing",0.159701019152379,0.658833917640009,0.105216448099264
"FGF2","FGFR1","FGF","Endothelial","Keratinocyte","Healing",0.159701019152379,0.163500213412969,0.0261111507136826
"FGF2","FGFR1","FGF","Endothelial","Lymphatic_Endo","Healing",0.159701019152379,0.355032980422645,0.056699128806203
"FGF2","FGFR1","FGF","Endothelial","Macrophage","Healing",0.159701019152379,0.100568267201261,0.0160608547664301
"FGF2","FGFR1","FGF","Endothelial","Melanocyte","Healing",0.159701019152379,0.180942647439399,0.0288967252042015
"FGF2","FGFR1","FGF","Endothelial","Pericyte","Healing",0.159701019152379,0.081486625017038,0.0130134970625087
"FGF2","FGFR1","FGF","Endothelial","Smooth_Muscle","Healing",0.159701019152379,0.220044627096061,0.035141351206246
"FGF2","FGFR1","FGF","Endothelial","T_cell","Healing",0.159701019152379,0.0869732306995952,0.0138897135817003
"FGF2","FGFR1","FGF","Fibroblast","Endothelial","Healing",0.123322673289869,0.319907979403211,0.0394519072267644
"FGF2","FGFR1","FGF","Fibroblast","Fibroblast","Healing",0.123322673289869,0.658833917640009,0.0812491599774036
"FGF2","FGFR1","FGF","Fibroblast","Keratinocyte","Healing",0.123322673289869,0.163500213412969,0.0201632834015515
"FGF2","FGFR1","FGF","Fibroblast","Lymphatic_Endo","Healing",0.123322673289869,0.355032980422645,0.0437836162517905
"FGF2","FGFR1","FGF","Fibroblast","Macrophage","Healing",0.123322673289869,0.100568267201261,0.0124023475593894
"FGF2","FGFR1","FGF","Fibroblast","Melanocyte","Healing",0.123322673289869,0.180942647439399,0.022314330994373
"FGF2","FGFR1","FGF","Fibroblast","Pericyte","Healing",0.123322673289869,0.081486625017038,0.0100491484344703
"FGF2","FGFR1","FGF","Fibroblast","Smooth_Muscle","Healing",0.123322673289869,0.220044627096061,0.0271364916565586
"FGF2","FGFR1","FGF","Fibroblast","T_cell","Healing",0.123322673289869,0.0869732306995952,0.0107257713145306
"FGF2","FGFR1","FGF","Keratinocyte","Endothelial","Healing",0.0443878894625004,0.319907979403211,0.0142000400279216
"FGF2","FGFR1","FGF","Keratinocyte","Fibroblast","Healing",0.0443878894625004,0.658833917640009,0.0292442471103508
"FGF2","FGFR1","FGF","Keratinocyte","Lymphatic_Endo","Healing",0.0443878894625004,0.355032980422645,0.0157591646905424
"FGF2","FGFR1","FGF","Pericyte","Endothelial","Healing",0.0592269498301499,0.319907979403211,0.0189471738463786
"FGF2","FGFR1","FGF","Pericyte","Fibroblast","Healing",0.0592269498301499,0.658833917640009,0.039020723386466
"FGF2","FGFR1","FGF","Pericyte","Lymphatic_Endo","Healing",0.0592269498301499,0.355032980422645,0.0210275205195406
"FGF2","FGFR1","FGF","Pericyte","Melanocyte","Healing",0.0592269498301499,0.180942647439399,0.0107166811020278
"FGF2","FGFR1","FGF","Pericyte","Smooth_Muscle","Healing",0.0592269498301499,0.220044627096061,0.0130325720894124
"FGF2","FGFR1","FGF","Smooth_Muscle","Endothelial","Healing",0.0805135206297219,0.319907979403211,0.0257569176992931
"FGF2","FGFR1","FGF","Smooth_Muscle","Fibroblast","Healing",0.0805135206297219,0.658833917640009,0.0530450382194694
"FGF2","FGFR1","FGF","Smooth_Muscle","Keratinocyte","Healing",0.0805135206297219,0.163500213412969,0.013163977805589
"FGF2","FGFR1","FGF","Smooth_Muscle","Lymphatic_Endo","Healing",0.0805135206297219,0.355032980422645,0.0285849551934903
"FGF2","FGFR1","FGF","Smooth_Muscle","Melanocyte","Healing",0.0805135206297219,0.180942647439399,0.0145683295774085
"FGF2","FGFR1","FGF","Smooth_Muscle","Smooth_Muscle","Healing",0.0805135206297219,0.220044627096061,0.0177165676231581
"FGF2","FGFR1","FGF","Endothelial","Endothelial","NonHealing",0.12954438601077,0.279209728192898,0.0361700528069829
"FGF2","FGFR1","FGF","Endothelial","Fibroblast","NonHealing",0.12954438601077,0.767567606054745,0.0994340742481184
"FGF2","FGFR1","FGF","Endothelial","Lymphatic_Endo","NonHealing",0.12954438601077,0.346769105329952,0.0449219908374726
"FGF2","FGFR1","FGF","Endothelial","Macrophage","NonHealing",0.12954438601077,0.490663329698825,0.0635626797838343
"FGF2","FGFR1","FGF","Endothelial","Myeloid","NonHealing",0.12954438601077,0.104573401528853,0.0135468970941129
"FGF2","FGFR1","FGF","Endothelial","Smooth_Muscle","NonHealing",0.12954438601077,0.355034482400547,0.0459927240352303
"FGF2","FGFR1","FGF","Endothelial","T_cell","NonHealing",0.12954438601077,0.122527752210698,0.0158727824294146
"FGF2","FGFR1","FGF","Fibroblast","Endothelial","NonHealing",0.130424763733036,0.279209728192898,0.0364158628315239
"FGF2","FGFR1","FGF","Fibroblast","Fibroblast","NonHealing",0.130424763733036,0.767567606054745,0.100109823668822
"FGF2","FGFR1","FGF","Fibroblast","Lymphatic_Endo","NonHealing",0.130424763733036,0.346769105329952,0.0452272786325752
"FGF2","FGFR1","FGF","Fibroblast","Macrophage","NonHealing",0.130424763733036,0.490663329698825,0.0639946488484339
"FGF2","FGFR1","FGF","Fibroblast","Myeloid","NonHealing",0.130424763733036,0.104573401528853,0.0136389611871605
"FGF2","FGFR1","FGF","Fibroblast","Smooth_Muscle","NonHealing",0.130424763733036,0.355034482400547,0.046305288484172
"FGF2","FGFR1","FGF","Fibroblast","T_cell","NonHealing",0.130424763733036,0.122527752210698,0.0159806531328202
"FGF2","FGFR1","FGF","Pericyte","Fibroblast","NonHealing",0.0355972804298508,0.767567606054745,0.0273233193216
"FGF2","FGFR1","FGF","Pericyte","Lymphatic_Endo","NonHealing",0.0355972804298508,0.346769105329952,0.0123440370868388
"FGF2","FGFR1","FGF","Pericyte","Macrophage","NonHealing",0.0355972804298508,0.490663329698825,0.0174662801439334
"FGF2","FGFR1","FGF","Pericyte","Smooth_Muscle","NonHealing",0.0355972804298508,0.355034482400547,0.0126382620322792
"FGF2","FGFR1","FGF","Smooth_Muscle","Endothelial","NonHealing",0.0554665880206996,0.279209728192898,0.015486810965047
"FGF2","FGFR1","FGF","Smooth_Muscle","Fibroblast","NonHealing",0.0554665880206996,0.767567606054745,0.0425743561830732
"FGF2","FGFR1","FGF","Smooth_Muscle","Lymphatic_Endo","NonHealing",0.0554665880206996,0.346769105329952,0.0192340991036431
"FGF2","FGFR1","FGF","Smooth_Muscle","Macrophage","NonHealing",0.0554665880206996,0.490663329698825,0.0272154207652694
"FGF2","FGFR1","FGF","Smooth_Muscle","Smooth_Muscle","NonHealing",0.0554665880206996,0.355034482400547,0.0196925513684535
"PDGFA","PDGFRA","PDGF","Endothelial","Fibroblast","Healing",0.140517944112657,0.757110155774126,0.106387562556193
"PDGFA","PDGFRA","PDGF","Endothelial","Keratinocyte","Healing",0.140517944112657,0.107827280324721,0.0151516677504889
"PDGFA","PDGFRA","PDGF","Fibroblast","Endothelial","Healing",0.279704356803392,0.0374712369507709,0.0104808682299429
"PDGFA","PDGFRA","PDGF","Fibroblast","Fibroblast","Healing",0.279704356803392,0.757110155774126,0.211767009150118
"PDGFA","PDGFRA","PDGF","Fibroblast","Keratinocyte","Healing",0.279704356803392,0.107827280324721,0.0301597600890851
"PDGFA","PDGFRA","PDGF","Keratinocyte","Fibroblast","Healing",0.223688725726584,0.757110155774126,0.16935700597977
"PDGFA","PDGFRA","PDGF","Keratinocyte","Keratinocyte","Healing",0.223688725726584,0.107827280324721,0.0241197469344001
"PDGFA","PDGFRA","PDGF","Lymphatic_Endo","Fibroblast","Healing",0.265603177721764,0.757110155774126,0.201090863259028
"PDGFA","PDGFRA","PDGF","Lymphatic_Endo","Keratinocyte","Healing",0.265603177721764,0.107827280324721,0.0286392682993414
"PDGFA","PDGFRA","PDGF","Melanocyte","Endothelial","Healing",0.495605840537507,0.0374712369507709,0.0185709638849669
"PDGFA","PDGFRA","PDGF","Melanocyte","Fibroblast","Healing",0.495605840537507,0.757110155774126,0.375228215131918
"PDGFA","PDGFRA","PDGF","Melanocyte","Keratinocyte","Healing",0.495605840537507,0.107827280324721,0.0534398298982068
"PDGFA","PDGFRA","PDGF","Melanocyte","Lymphatic_Endo","Healing",0.495605840537507,0.026458748370475,0.0131131102257196
"PDGFA","PDGFRA","PDGF","Melanocyte","Macrophage","Healing",0.495605840537507,0.0226732494749697,0.0112369948637589
"PDGFA","PDGFRA","PDGF","Melanocyte","Myeloid","Healing",0.495605840537507,0.0270779158966849,0.0134199732679805
"PDGFA","PDGFRA","PDGF","Myeloid","Fibroblast","Healing",0.0213441653209752,0.757110155774126,0.0161598843310323
"PDGFA","PDGFRA","PDGF","Pericyte","Endothelial","Healing",0.758164625639962,0.0374712369507709,0.0284093663350476
"PDGFA","PDGFRA","PDGF","Pericyte","Fibroblast","Healing",0.758164625639962,0.757110155774126,0.574014137820704
"PDGFA","PDGFRA","PDGF","Pericyte","Keratinocyte","Healing",0.758164625639962,0.107827280324721,0.0817508296211675
"PDGFA","PDGFRA","PDGF","Pericyte","Lymphatic_Endo","Healing",0.758164625639962,0.026458748370475,0.0200600870532031
"PDGFA","PDGFRA","PDGF","Pericyte","Macrophage","Healing",0.758164625639962,0.0226732494749697,0.0171900557002319
"PDGFA","PDGFRA","PDGF","Pericyte","Mast_cell","Healing",0.758164625639962,0.0169660843094151,0.0128630849590237
"PDGFA","PDGFRA","PDGF","Pericyte","Myeloid","Healing",0.758164625639962,0.0270779158966849,0.0205295179689205
"PDGFA","PDGFRA","PDGF","Pericyte","Smooth_Muscle","Healing",0.758164625639962,0.0132140132484975,0.0100183974077486
"PDGFA","PDGFRA","PDGF","Smooth_Muscle","Endothelial","Healing",0.772317525226256,0.0374712369507709,0.0289396929889861
"PDGFA","PDGFRA","PDGF","Smooth_Muscle","Fibroblast","Healing",0.772317525226256,0.757110155774126,0.584729441831138
"PDGFA","PDGFRA","PDGF","Smooth_Muscle","Keratinocyte","Healing",0.772317525226256,0.107827280324721,0.0832768982922665
"PDGFA","PDGFRA","PDGF","Smooth_Muscle","Lymphatic_Endo","Healing",0.772317525226256,0.026458748370475,0.0204345550620695
"PDGFA","PDGFRA","PDGF","Smooth_Muscle","Macrophage","Healing",0.772317525226256,0.0226732494749697,0.0175109479233461
"PDGFA","PDGFRA","PDGF","Smooth_Muscle","Mast_cell","Healing",0.772317525226256,0.0169660843094151,0.0131032042466275
"PDGFA","PDGFRA","PDGF","Smooth_Muscle","Myeloid","Healing",0.772317525226256,0.0270779158966849,0.0209127489936124
"PDGFA","PDGFRA","PDGF","Smooth_Muscle","Smooth_Muscle","Healing",0.772317525226256,0.0132140132484975,0.0102054140103866
"PDGFA","PDGFRA","PDGF","T_cell","Fibroblast","Healing",0.0330165405141091,0.757110155774126,0.0249971581317599
"PDGFA","PDGFRA","PDGF","Endothelial","Fibroblast","NonHealing",0.0584493374117153,0.711796155727148,0.0416040136744579
"PDGFA","PDGFRA","PDGF","Fibroblast","Fibroblast","NonHealing",0.179699920778154,0.711796155727148,0.127909712794363
"PDGFA","PDGFRA","PDGF","Keratinocyte","Fibroblast","NonHealing",0.136014773477299,0.711796155727148,0.0968147928832405
"PDGFA","PDGFRA","PDGF","Lymphatic_Endo","Fibroblast","NonHealing",0.226928364123328,0.711796155727148,0.161526737208435
"PDGFA","PDGFRA","PDGF","Melanocyte","Fibroblast","NonHealing",0.120425537861378,0.711796155727148,0.085718434901103
"PDGFA","PDGFRA","PDGF","Pericyte","Fibroblast","NonHealing",0.583176700597052,0.711796155727148,0.415102933594623
"PDGFA","PDGFRA","PDGF","Smooth_Muscle","Fibroblast","NonHealing",0.750268227756888,0.711796155727148,0.534038040281573
"PDGFA","PDGFRA","PDGF","Smooth_Muscle","Lymphatic_Endo","NonHealing",0.750268227756888,0.0137282491963714,0.0102998691947665
"PDGFA","PDGFRA","PDGF","T_cell","Fibroblast","NonHealing",0.0311882179732121,0.711796155727148,0.0221996536573127
