gene,score,evidence,n_evidence_types,druggability_tier,n_approved_drugs
IER3,24.854926367585946,DEG_in_8ct(maxLFC=2.85); stem_DEG_CD133plus_progenitor; stem_DEG_Basalis_fibroblast,3,Tier3_novel,0
ELF3,23.19458956786487,DEG_in_5ct(maxLFC=3.19); TF_diff_5ct,2,Tier2_investigational,0
CXCL8,23,DEG_in_6ct(maxLFC=7.09); stem_DEG_CD133plus_progenitor; comm_ligand,3,Tier1_approved,43
PAEP,22,DEG_in_7ct(maxLFC=11.25); stem_DEG_CD133plus_progenitor,2,Tier1_approved,3
MT1H,22,DEG_in_7ct(maxLFC=10.40); stem_DEG_CD133plus_progenitor,2,Tier1_approved,3
MT1G,22,DEG_in_7ct(maxLFC=6.70); stem_DEG_CD133plus_progenitor,2,Tier2_investigational,0
GPX3,22,DEG_in_7ct(maxLFC=10.33); stem_DEG_CD133plus_progenitor,2,Tier1_approved,2
NNMT,21,DEG_in_5ct(maxLFC=5.05); stem_DEG_CD133plus_progenitor; stem_DEG_Basalis_fibroblast,3,Tier1_approved,1
MET,21,DEG_in_4ct(maxLFC=5.93); stem_DEG_CD133plus_progenitor; comm_receptor; known_stem_gene,4,Tier1_approved,21
CKS2,20.967648098612543,DEG_in_7ct(maxLFC=3.97); stem_DEG_CD133plus_progenitor,2,Tier3_novel,0
CLDN4,20.961929286811305,DEG_in_7ct(maxLFC=3.96); stem_DEG_CD133plus_progenitor,2,Tier3_novel,0
RIMKLB,20.87200839055702,DEG_in_7ct(maxLFC=3.87); stem_DEG_CD133plus_progenitor,2,Tier3_novel,0
PGR,20.408913924217597,DEG_in_4ct(maxLFC=2.41); TF_diff_5ct,2,Tier1_approved,50
ETS2,20.04804085607536,DEG_in_2ct(maxLFC=3.05); stem_DEG_CD133plus_progenitor; TF_diff_5ct,3,Tier1_approved,3
CXCL2,20,DEG_in_6ct(maxLFC=5.51); stem_DEG_CD133plus_progenitor,2,Tier1_approved,3
SLC1A1,20,DEG_in_6ct(maxLFC=6.94); stem_DEG_CD133plus_progenitor,2,Tier1_approved,7
LAMB3,20,DEG_in_6ct(maxLFC=5.56); stem_DEG_CD133plus_progenitor,2,Tier1_approved,2
SFN,20,DEG_in_6ct(maxLFC=5.24); stem_DEG_CD133plus_progenitor,2,Tier1_approved,1
CDH1,19.62716042679046,DEG_in_6ct(maxLFC=4.63); stem_DEG_CD133plus_progenitor,2,Tier1_approved,1
IRF9,19.418842745224786,DEG_in_4ct(maxLFC=1.42); TF_diff_5ct,2,Tier3_novel,0
XBP1,19.01183016270534,DEG_in_2ct(maxLFC=2.01); stem_DEG_CD133plus_progenitor; TF_diff_5ct,3,Tier1_approved,3
B4GALNT3,18.76378625774969,DEG_in_6ct(maxLFC=3.76); stem_DEG_CD133plus_progenitor,2,Tier3_novel,0
PEG3,18.616025580228936,DEG_in_5ct(maxLFC=2.62); TF_diff_3ct,2,Tier3_novel,0
SFRP4,18.447884056265394,DEG_in_7ct(maxLFC=4.45),1,Tier3_novel,0
ADM,18.245403138721237,DEG_in_4ct(maxLFC=4.25); stem_DEG_CD133plus_progenitor; comm_ligand,3,Tier1_approved,4
HOXA11,18.10845963702094,DEG_in_3ct(maxLFC=2.11); TF_diff_5ct,2,Tier2_investigational,0
DKK3,18,DEG_in_5ct(maxLFC=5.43); comm_ligand,2,Tier3_novel,0
DEFB1,18,DEG_in_5ct(maxLFC=6.96); stem_DEG_CD133plus_progenitor,2,Tier3_novel,0
PAX2,17.992085851717007,DEG_in_1ct(maxLFC=2.99); stem_DEG_CD133plus_progenitor; TF_diff_5ct,3,Tier1_approved,1
ID1,17.948074240679208,DEG_in_4ct(maxLFC=1.95); TF_diff_4ct,2,Tier3_novel,0
VEGFA,17.52809137928248,DEG_in_3ct(maxLFC=3.53); stem_DEG_CD133plus_progenitor; comm_ligand; known_stem_gene,4,Tier1_approved,27
EGR1,17.500329103866804,DEG_in_3ct(maxLFC=1.50); TF_diff_5ct,2,Tier2_investigational,0
OSTC,17.430397351903235,DEG_in_6ct(maxLFC=2.43); stem_DEG_CD133plus_progenitor,2,Tier3_novel,0
PLCG2,17.402133725990048,DEG_in_4ct(maxLFC=3.40); stem_DEG_CD133plus_progenitor; stem_DEG_Basalis_fibroblast,3,Tier1_approved,1
AGR2,17,DEG_in_6ct(maxLFC=5.79),1,Tier3_novel,0
MT1F,16.969357147356185,DEG_in_5ct(maxLFC=3.97); stem_DEG_CD133plus_progenitor,2,Tier1_approved,2
SKIL,16.941627729701572,DEG_in_3ct(maxLFC=0.94); TF_diff_5ct,2,Tier3_novel,0
GDF15,16.64970095505534,DEG_in_5ct(maxLFC=3.65); stem_DEG_CD133plus_progenitor,2,Tier1_approved,4
MGST1,16.624667032215093,DEG_in_5ct(maxLFC=3.62); stem_DEG_CD133plus_progenitor,2,Tier3_novel,0
NUPR1,16.447281298895156,DEG_in_4ct(maxLFC=2.45); TF_diff_3ct,2,Tier3_novel,0
MAPK10,16.30211661166657,DEG_in_5ct(maxLFC=3.30); stem_DEG_Basalis_fibroblast,2,Tier1_approved,12
CLDN10,16,DEG_in_4ct(maxLFC=5.21); stem_DEG_CD133plus_progenitor,2,Tier3_novel,0
MT1X,16,DEG_in_4ct(maxLFC=6.44); stem_DEG_CD133plus_progenitor,2,Tier3_novel,0
MT1M,16,DEG_in_4ct(maxLFC=5.86); stem_DEG_CD133plus_progenitor,2,Tier3_novel,0
FOSL1,15.945677550888906,DEG_in_2ct(maxLFC=1.95); TF_diff_5ct,2,Tier1_approved,1
CRYAB,15.8268553200264,DEG_in_4ct(maxLFC=4.83); stem_DEG_CD133plus_progenitor,2,Tier3_novel,0
PTN,15.797572387063752,DEG_in_5ct(maxLFC=2.80); stem_DEG_CD133plus_progenitor,2,Tier3_novel,0
GPNMB,15.509215040345412,DEG_in_6ct(maxLFC=3.51),1,Tier2_investigational,0
MT2A,15.496962782081791,DEG_in_4ct(maxLFC=4.50); stem_DEG_CD133plus_progenitor,2,Tier1_approved,2
PLAUR,15.444999409457242,DEG_in_5ct(maxLFC=2.44); comm_receptor,2,Tier1_approved,3
HOPX,15.356113526885594,DEG_in_1ct(maxLFC=3.36); TF_diff_5ct,2,unknown,0
ID3,15.2752178727545,DEG_in_3ct(maxLFC=1.28); TF_diff_4ct,2,unknown,0
RARA,15.141125580005472,DEG_in_2ct(maxLFC=1.14); TF_diff_5ct,2,unknown,0
NR4A1,15.135992819848006,DEG_in_2ct(maxLFC=1.14); TF_diff_5ct,2,unknown,0
MT1E,15.109135838909229,DEG_in_4ct(maxLFC=4.11); stem_DEG_CD133plus_progenitor,2,unknown,0
LIF,15.085812969635123,DEG_in_4ct(maxLFC=4.09); stem_DEG_CD133plus_progenitor,2,unknown,0
RPL39,15.047322934249745,DEG_in_5ct(maxLFC=2.05); stem_DEG_CD133plus_progenitor,2,unknown,0
S100A8,15,DEG_in_5ct(maxLFC=6.15),1,unknown,0
SP1,14.99963486196844,DEG_in_2ct(maxLFC=1.00); TF_diff_5ct,2,unknown,0
HIF1A,14.96590760792719,DEG_in_2ct(maxLFC=0.97); TF_diff_5ct,2,unknown,0
CREB1,14.944558990472624,DEG_in_3ct(maxLFC=0.94); TF_diff_4ct,2,unknown,0
COL3A1,14.901455752789863,DEG_in_2ct(maxLFC=2.90); stem_DEG_CD133plus_progenitor; comm_ligand; fibrosis_gene,4,unknown,0
REST,14.873812197705064,DEG_in_2ct(maxLFC=0.87); TF_diff_5ct,2,unknown,0
PA2G4,14.85106983882693,DEG_in_2ct(maxLFC=0.85); TF_diff_5ct,2,unknown,0
AR,14.79631502872385,DEG_in_2ct(maxLFC=0.80); TF_diff_5ct,2,unknown,0
MAP1LC3B,14.772918428325937,DEG_in_5ct(maxLFC=1.77); stem_DEG_CD133plus_progenitor,2,unknown,0
ABI3BP,14.766430265019235,DEG_in_6ct(maxLFC=2.77),1,unknown,0
PLAG1,14.68206199157443,DEG_in_2ct(maxLFC=2.68); TF_diff_4ct,2,unknown,0
NFE2L2,14.654544564882656,DEG_in_2ct(maxLFC=0.65); TF_diff_5ct,2,unknown,0
HOXA5,14.623866986783991,DEG_in_1ct(maxLFC=2.62); TF_diff_5ct,2,unknown,0
NFIC,14.615729034921165,DEG_in_3ct(maxLFC=0.62); TF_diff_4ct,2,unknown,0
MAL2,14.54772055471475,DEG_in_4ct(maxLFC=3.55); stem_DEG_CD133plus_progenitor,2,unknown,0
PARK7,14.505447217459835,DEG_in_2ct(maxLFC=0.51); TF_diff_5ct,2,unknown,0
GADD45A,14.469794327924584,DEG_in_4ct(maxLFC=3.47); stem_DEG_CD133plus_progenitor,2,unknown,0
LRRC17,14.3722393449474,DEG_in_4ct(maxLFC=3.37); stem_DEG_Basalis_fibroblast,2,unknown,0
TRIB1,14.350461069901183,DEG_in_4ct(maxLFC=3.35); stem_DEG_CD133plus_progenitor,2,unknown,0
PTEN,14.311585162690694,DEG_in_5ct(maxLFC=1.31); stem_DEG_CD133plus_progenitor,2,unknown,0
NDUFS5,14.193933695139648,DEG_in_5ct(maxLFC=1.19); stem_DEG_CD133plus_progenitor,2,unknown,0
COX5B,14.170390738260561,DEG_in_5ct(maxLFC=1.17); stem_DEG_CD133plus_progenitor,2,unknown,0
ARID5B,14.167651422379016,DEG_in_1ct(maxLFC=3.17); stem_DEG_CD133plus_progenitor; TF_diff_3ct,3,unknown,0
CP,14.156883544736711,DEG_in_4ct(maxLFC=3.16); comm_ligand,2,unknown,0
LDHA,14.15374154455791,DEG_in_4ct(maxLFC=3.15); stem_DEG_CD133plus_progenitor,2,unknown,0
MYOCD,14.137485691019751,DEG_in_2ct(maxLFC=2.14); TF_diff_4ct,2,unknown,0
SOD2,14.096512342874883,DEG_in_4ct(maxLFC=3.10); stem_DEG_CD133plus_progenitor,2,unknown,0
SGK1,14.082037886847582,DEG_in_4ct(maxLFC=3.08); stem_DEG_CD133plus_progenitor,2,unknown,0
SPP1,14,DEG_in_3ct(maxLFC=6.13); stem_DEG_CD133plus_progenitor,2,unknown,0
TM4SF1,13.720755362242196,DEG_in_3ct(maxLFC=4.72); stem_DEG_CD133plus_progenitor,2,unknown,0
HIST1H4C,13.700237488518356,DEG_in_4ct(maxLFC=2.70); stem_DEG_Basalis_fibroblast,2,unknown,0
GATA3,13.594995485527113,DEG_in_1ct(maxLFC=1.59); TF_diff_5ct,2,unknown,0
ZEB2,13.566456351285263,DEG_in_1ct(maxLFC=3.57); TF_diff_4ct,2,unknown,0
PPARG,13.50679873945961,DEG_in_1ct(maxLFC=1.51); TF_diff_5ct,2,unknown,0
POU5F1,13.50388546990893,DEG_in_1ct(maxLFC=1.50); TF_diff_5ct,2,unknown,0
DDX52,13.50324844978494,DEG_in_4ct(maxLFC=2.50); stem_DEG_CD133plus_progenitor,2,unknown,0
ATOH7,13.462415542463003,DEG_in_1ct(maxLFC=1.46); TF_diff_5ct,2,unknown,0
TGFB1,13.45677613347886,DEG_in_2ct(maxLFC=2.46); comm_ligand; known_stem_gene; fibrosis_gene,4,unknown,0
C19orf33,13.364583397941088,DEG_in_4ct(maxLFC=2.36); stem_DEG_CD133plus_progenitor,2,unknown,0
TUBA1C,13.338606794427196,DEG_in_4ct(maxLFC=2.34); stem_DEG_CD133plus_progenitor,2,unknown,0
ID2,13.291207477802143,DEG_in_2ct(maxLFC=1.29); TF_diff_4ct,2,unknown,0
EDN1,13.21391824906542,DEG_in_3ct(maxLFC=4.21); stem_DEG_CD133plus_progenitor,2,unknown,0
AHR,13.121007164837003,DEG_in_1ct(maxLFC=1.12); TF_diff_5ct,2,unknown,0
FLI1,13.089739867437165,DEG_in_2ct(maxLFC=1.09); TF_diff_4ct,2,unknown,0
WWC1,13.000194442762394,DEG_in_5ct(maxLFC=3.00),1,unknown,0
COMP,13,DEG_in_4ct(maxLFC=6.08),1,unknown,0
HTATIP2,12.99300030520562,DEG_in_1ct(maxLFC=0.99); TF_diff_5ct,2,unknown,0
HES6,12.970151220004794,DEG_in_1ct(maxLFC=0.97); TF_diff_5ct,2,unknown,0
PLA2G2A,12.913614876602374,DEG_in_4ct(maxLFC=4.91),1,unknown,0
EPHA2,12.903047573540936,DEG_in_3ct(maxLFC=3.90); stem_DEG_CD133plus_progenitor,2,unknown,0
CCND2,12.853632666998696,DEG_in_5ct(maxLFC=2.85),1,unknown,0
MXI1,12.793085532871745,DEG_in_2ct(maxLFC=0.79); TF_diff_4ct,2,unknown,0
MEIS2,12.782757267427854,DEG_in_1ct(maxLFC=0.78); TF_diff_5ct,2,unknown,0
SEC61G,12.759680561166157,DEG_in_4ct(maxLFC=1.76); stem_DEG_CD133plus_progenitor,2,unknown,0
ZFPM2,12.695064514020999,DEG_in_1ct(maxLFC=0.70); TF_diff_5ct,2,unknown,0
ELF4,12.662160602354994,DEG_in_1ct(maxLFC=0.66); TF_diff_5ct,2,unknown,0
NR2C2,12.608538582804243,DEG_in_1ct(maxLFC=0.61); TF_diff_5ct,2,unknown,0
GUK1,12.54847026805507,DEG_in_4ct(maxLFC=1.55); stem_DEG_CD133plus_progenitor,2,unknown,0
PRELP,12.547687317698783,DEG_in_3ct(maxLFC=3.55); stem_DEG_Basalis_fibroblast,2,unknown,0
POU3F1,12.493598354618651,DEG_in_1ct(maxLFC=2.49); TF_diff_4ct,2,unknown,0
KMT2A,12.441003795957005,DEG_in_2ct(maxLFC=0.44); TF_diff_4ct,2,unknown,0
MRPL52,12.439716800021559,DEG_in_4ct(maxLFC=1.44); stem_DEG_CD133plus_progenitor,2,unknown,0
KDM5A,12.439595178200356,DEG_in_1ct(maxLFC=0.44); TF_diff_5ct,2,unknown,0
HOXB7,12.430217470286586,DEG_in_1ct(maxLFC=2.43); TF_diff_4ct,2,unknown,0
MAML1,12.423917437221863,DEG_in_1ct(maxLFC=0.42); TF_diff_5ct,2,unknown,0
TMEM70,12.38311826020042,DEG_in_4ct(maxLFC=1.38); stem_DEG_CD133plus_progenitor,2,unknown,0
SEMA5A,12.365191205743322,DEG_in_5ct(maxLFC=2.37),1,unknown,0
PPIA,12.356464063085127,DEG_in_4ct(maxLFC=1.36); stem_DEG_CD133plus_progenitor,2,unknown,0
RPL35,12.3534713361047,DEG_in_4ct(maxLFC=1.35); stem_DEG_CD133plus_progenitor,2,unknown,0
KAT6A,12.340165037971156,DEG_in_1ct(maxLFC=0.34); TF_diff_5ct,2,unknown,0
ROMO1,12.32386928816021,DEG_in_4ct(maxLFC=1.32); stem_DEG_CD133plus_progenitor,2,unknown,0
JUP,12.182224929855074,DEG_in_3ct(maxLFC=3.18); stem_DEG_CD133plus_progenitor,2,unknown,0
POLR2L,12.155201084226944,DEG_in_4ct(maxLFC=1.16); stem_DEG_CD133plus_progenitor,2,unknown,0
RGCC,12.09475678808057,DEG_in_3ct(maxLFC=3.09); stem_DEG_Basalis_fibroblast,2,unknown,0
JUN,12,TF_diff_5ct; known_stem_gene,2,unknown,0
NOTCH1,12,TF_diff_5ct; known_stem_gene,2,unknown,0
DNAJB11,11.91852803955398,DEG_in_4ct(maxLFC=0.92); comm_ligand,2,unknown,0
C2CD4A,11.903498529627218,DEG_in_4ct(maxLFC=3.90),1,unknown,0
ATRX,11.885922412521676,DEG_in_4ct(maxLFC=0.89); stem_DEG_CD133plus_progenitor,2,unknown,0
IQSEC1,11.6208781894688,DEG_in_5ct(maxLFC=1.62),1,unknown,0
KLF15,11.612151748875782,DEG_in_1ct(maxLFC=1.61); TF_diff_4ct,2,unknown,0
TSPAN15,11.574871564505727,DEG_in_3ct(maxLFC=2.57); comm_receptor,2,unknown,0
ADI1,11.561785236041851,DEG_in_3ct(maxLFC=2.56); stem_DEG_CD133plus_progenitor,2,unknown,0
GCNT2,11.53744686599694,DEG_in_4ct(maxLFC=3.54),1,unknown,0
NCOA7,11.45873988058044,DEG_in_3ct(maxLFC=2.46); stem_DEG_CD133plus_progenitor,2,unknown,0
COL5A1,11.391470052040727,DEG_in_3ct(maxLFC=2.39); comm_ligand,2,unknown,0
NFKBIA,11.36407298749134,DEG_in_3ct(maxLFC=2.36); stem_DEG_CD133plus_progenitor,2,unknown,0
EFNA1,11.349101247891463,DEG_in_3ct(maxLFC=2.35); stem_DEG_CD133plus_progenitor,2,unknown,0
MOXD1,11.151376227847427,DEG_in_4ct(maxLFC=3.15),1,unknown,0
ARL16,11.116556192276342,DEG_in_5ct(maxLFC=1.12),1,unknown,0
LHX4,11.098573753479243,DEG_in_1ct(maxLFC=1.10); TF_diff_4ct,2,unknown,0
RPLP1,10.905647035671056,DEG_in_3ct(maxLFC=1.91); stem_DEG_CD133plus_progenitor,2,unknown,0
NFE2L3,10.871419521466825,DEG_in_1ct(maxLFC=0.87); TF_diff_4ct,2,unknown,0
DAXX,10.80482895537827,DEG_in_1ct(maxLFC=0.80); TF_diff_4ct,2,unknown,0
ZNF362,10.70358787415994,DEG_in_1ct(maxLFC=0.70); TF_diff_4ct,2,unknown,0
EGFL6,10.697060926587472,DEG_in_3ct(maxLFC=4.70),1,unknown,0
RPS28,10.680702812645993,DEG_in_3ct(maxLFC=1.68); stem_DEG_CD133plus_progenitor,2,unknown,0
S100A1,10.654228480356046,DEG_in_3ct(maxLFC=4.65),1,unknown,0
GTF3A,10.632463806760981,DEG_in_1ct(maxLFC=0.63); TF_diff_4ct,2,unknown,0
VLDLR,10.596875858462509,DEG_in_3ct(maxLFC=1.60); comm_receptor,2,unknown,0
HOXD3,10.573769284917695,DEG_in_1ct(maxLFC=0.57); TF_diff_4ct,2,unknown,0
RPL36,10.5480631728883,DEG_in_3ct(maxLFC=1.55); stem_DEG_CD133plus_progenitor,2,unknown,0
RPL18A,10.404762979643333,DEG_in_3ct(maxLFC=1.40); stem_DEG_CD133plus_progenitor,2,unknown,0
RPS7,10.371052447322354,DEG_in_3ct(maxLFC=1.37); stem_DEG_CD133plus_progenitor,2,unknown,0
RPL28,10.370396171385606,DEG_in_3ct(maxLFC=1.37); stem_DEG_CD133plus_progenitor,2,unknown,0
TSHZ3,10.323784848813826,DEG_in_4ct(maxLFC=2.32),1,unknown,0
EZR,10.316094346084391,DEG_in_4ct(maxLFC=2.32),1,unknown,0
IRX3,10.288551342232328,DEG_in_3ct(maxLFC=4.29),1,unknown,0
PHLDA2,10.275567384772376,DEG_in_2ct(maxLFC=3.28); stem_DEG_Basalis_fibroblast,2,unknown,0
TMA7,10.264058949899324,DEG_in_3ct(maxLFC=1.26); stem_DEG_CD133plus_progenitor,2,unknown,0
ADH1B,10.255897543627936,DEG_in_2ct(maxLFC=3.26); stem_DEG_Basalis_fibroblast,2,unknown,0
ACTB,10.223793586405137,DEG_in_3ct(maxLFC=1.22); stem_DEG_CD133plus_progenitor,2,unknown,0
CDKN2AIP,10.212938560731407,DEG_in_2ct(maxLFC=3.21); stem_DEG_CD133plus_progenitor,2,unknown,0
LAMC2,10.148649721761197,DEG_in_2ct(maxLFC=3.15); comm_ligand,2,unknown,0
KCTD12,10.07662439926774,DEG_in_4ct(maxLFC=2.08),1,unknown,0
TACSTD2,10.051877983485216,DEG_in_3ct(maxLFC=4.05),1,unknown,0
HNF4G,10,TF_diff_5ct,1,unknown,0
TP53,10,TF_diff_4ct; known_stem_gene,2,unknown,0
HAND1,10,TF_diff_5ct,1,unknown,0
CTBP1,10,TF_diff_5ct,1,unknown,0
NFIL3,10,TF_diff_5ct,1,unknown,0
NFKBIB,10,TF_diff_5ct,1,unknown,0
ZFP42,10,TF_diff_5ct,1,unknown,0
ARX,10,TF_diff_5ct,1,unknown,0
HOXD13,10,TF_diff_5ct,1,unknown,0
ESR1,10,TF_diff_5ct,1,unknown,0
HDGF,10,TF_diff_5ct,1,unknown,0
KLF13,10,TF_diff_5ct,1,unknown,0
TCF21,10,TF_diff_5ct,1,unknown,0
SHOX2,10,TF_diff_5ct,1,unknown,0
HDAC1,10,TF_diff_5ct,1,unknown,0
HNF1A,10,TF_diff_5ct,1,unknown,0
GRHL2,10,TF_diff_5ct,1,unknown,0
ASCL1,10,TF_diff_5ct,1,unknown,0
HR,10,TF_diff_5ct,1,unknown,0
MYC,10,TF_diff_4ct; known_stem_gene,2,unknown,0
JUNB,10,TF_diff_5ct,1,unknown,0
ZNF300,10,TF_diff_5ct,1,unknown,0
BACH1,10,TF_diff_5ct,1,unknown,0
HHEX,10,TF_diff_5ct,1,unknown,0
ETV7,10,TF_diff_5ct,1,unknown,0
ARID1A,10,TF_diff_5ct,1,unknown,0
NKRF,10,TF_diff_5ct,1,unknown,0
STAT2,10,TF_diff_5ct,1,unknown,0
NR2F1,10,TF_diff_5ct,1,unknown,0
LMO2,10,TF_diff_5ct,1,unknown,0
PAX5,10,TF_diff_5ct,1,unknown,0
SESTD1,9.818662956817024,DEG_in_2ct(maxLFC=2.82); stem_DEG_CD133plus_progenitor,2,unknown,0
HOXB5,9.662375795504351,DEG_in_1ct(maxLFC=1.66); TF_diff_3ct,2,unknown,0
MAFF,9.658533655878376,DEG_in_2ct(maxLFC=2.66); stem_DEG_CD133plus_progenitor,2,unknown,0
FCER1G,9.357610877682333,DEG_in_3ct(maxLFC=3.36),1,unknown,0
RBM43,9.21392593513421,DEG_in_4ct(maxLFC=1.21),1,unknown,0
TMC5,9.209679715842768,DEG_in_3ct(maxLFC=3.21),1,unknown,0
H2AFJ,9.20497632407166,DEG_in_4ct(maxLFC=1.20),1,unknown,0
SLC40A1,9.179959119481177,DEG_in_2ct(maxLFC=2.18); comm_receptor,2,unknown,0
DDX39A,9.062674090985462,DEG_in_4ct(maxLFC=1.06),1,unknown,0
HIVEP3,9.047456218438466,DEG_in_1ct(maxLFC=1.05); TF_diff_3ct,2,unknown,0
S100A10,9.002417052822855,DEG_in_2ct(maxLFC=2.00); stem_DEG_CD133plus_progenitor,2,unknown,0
S100A12,9,DEG_in_2ct(maxLFC=6.16),1,unknown,0
NEURL1B,9,DEG_in_2ct(maxLFC=5.14),1,unknown,0
TEX15,9,DEG_in_2ct(maxLFC=5.46),1,unknown,0
SCGB1D2,8.978692886753404,DEG_in_1ct(maxLFC=3.98); stem_DEG_Basalis_fibroblast,2,unknown,0
RAB11FIP1,8.871888965114529,DEG_in_3ct(maxLFC=2.87),1,unknown,0
RPS18,8.835802012599636,DEG_in_2ct(maxLFC=1.84); stem_DEG_CD133plus_progenitor,2,unknown,0
LDLR,8.830524006233198,DEG_in_2ct(maxLFC=1.83); comm_receptor,2,unknown,0
DEPTOR,8.807131418563932,DEG_in_3ct(maxLFC=2.81),1,unknown,0
SYT7,8.757425054416517,DEG_in_3ct(maxLFC=2.76),1,unknown,0
PDGFC,8.663765210174043,DEG_in_2ct(maxLFC=1.66); comm_ligand,2,unknown,0
HES4,8.644769601567845,DEG_in_1ct(maxLFC=3.64); stem_DEG_CD133plus_progenitor,2,unknown,0
RPS9,8.609749902600946,DEG_in_2ct(maxLFC=1.61); stem_DEG_CD133plus_progenitor,2,unknown,0
RPL37,8.591509727002407,DEG_in_2ct(maxLFC=1.59); stem_DEG_CD133plus_progenitor,2,unknown,0
RPL10,8.569687094515254,DEG_in_2ct(maxLFC=1.57); stem_DEG_CD133plus_progenitor,2,unknown,0
RPS12,8.569410218372322,DEG_in_2ct(maxLFC=1.57); stem_DEG_CD133plus_progenitor,2,unknown,0
RPS27,8.56916875891719,DEG_in_2ct(maxLFC=1.57); stem_DEG_CD133plus_progenitor,2,unknown,0
RBP7,8.490235361257477,DEG_in_3ct(maxLFC=2.49),1,unknown,0
RPL8,8.464342704217135,DEG_in_2ct(maxLFC=1.46); stem_DEG_CD133plus_progenitor,2,unknown,0
RPS15,8.425948293847462,DEG_in_2ct(maxLFC=1.43); stem_DEG_CD133plus_progenitor,2,unknown,0
ADGRF1,8.373054066432305,DEG_in_2ct(maxLFC=4.37),1,unknown,0
RPS25,8.322760384523226,DEG_in_2ct(maxLFC=1.32); stem_DEG_CD133plus_progenitor,2,unknown,0
LAMA2,8.315440368980553,DEG_in_2ct(maxLFC=1.32); comm_ligand,2,unknown,0
DDR2,8.308993749874169,DEG_in_2ct(maxLFC=1.31); comm_receptor,2,unknown,0
FAU,8.28142051746184,DEG_in_2ct(maxLFC=1.28); stem_DEG_CD133plus_progenitor,2,unknown,0
LRIG1,8.28049895562286,DEG_in_2ct(maxLFC=1.28); comm_ligand,2,unknown,0
RPL41,8.276595622072033,DEG_in_2ct(maxLFC=1.28); stem_DEG_CD133plus_progenitor,2,unknown,0
RPL11,8.258527403882326,DEG_in_2ct(maxLFC=1.26); stem_DEG_CD133plus_progenitor,2,unknown,0
RPL34,8.257940507623431,DEG_in_2ct(maxLFC=1.26); stem_DEG_CD133plus_progenitor,2,unknown,0
KRT23,8.240939548864187,DEG_in_2ct(maxLFC=4.24),1,unknown,0
RPS13,8.200560724028257,DEG_in_2ct(maxLFC=1.20); stem_DEG_CD133plus_progenitor,2,unknown,0
RPS24,8.185598595335707,DEG_in_2ct(maxLFC=1.19); stem_DEG_CD133plus_progenitor,2,unknown,0
ST6GALNAC3,8.179882257051547,DEG_in_3ct(maxLFC=2.18),1,unknown,0
DDAH1,8.107851684066414,DEG_in_2ct(maxLFC=1.11); stem_DEG_CD133plus_progenitor,2,unknown,0
GLIPR1L2,8.093635173760212,DEG_in_3ct(maxLFC=2.09),1,unknown,0
PLXND1,8.031272810882093,DEG_in_2ct(maxLFC=1.03); comm_receptor,2,unknown,0
PHOX2B,8,TF_diff_4ct,1,unknown,0
PPARD,8,TF_diff_4ct,1,unknown,0
SNAI2,8,TF_diff_4ct,1,unknown,0
HSF4,8,TF_diff_4ct,1,unknown,0
JDP2,8,TF_diff_4ct,1,unknown,0
PAX6,8,TF_diff_4ct,1,unknown,0
PAX9,8,TF_diff_4ct,1,unknown,0
PBRM1,8,TF_diff_4ct,1,unknown,0
MLXIPL,8,TF_diff_4ct,1,unknown,0
TWIST1,8,TF_diff_4ct,1,unknown,0
HOXB4,8,TF_diff_4ct,1,unknown,0
PROP1,8,TF_diff_4ct,1,unknown,0
YAP1,8,TF_diff_4ct,1,unknown,0
TFAP2A,8,TF_diff_4ct,1,unknown,0
KLF8,8,TF_diff_4ct,1,unknown,0
BARX1,8,TF_diff_4ct,1,unknown,0
NKX3-1,8,TF_diff_4ct,1,unknown,0
SCX,8,TF_diff_4ct,1,unknown,0
LHX2,8,TF_diff_4ct,1,unknown,0
HOXA1,8,TF_diff_4ct,1,unknown,0
TFAP4,8,TF_diff_4ct,1,unknown,0
NKX6-1,8,TF_diff_4ct,1,unknown,0
GATA4,8,TF_diff_4ct,1,unknown,0
NR1I3,8,TF_diff_4ct,1,unknown,0
NFATC4,8,TF_diff_4ct,1,unknown,0
HOXA9,8,TF_diff_4ct,1,unknown,0
HOXB1,8,TF_diff_4ct,1,unknown,0
HOXB9,8,TF_diff_4ct,1,unknown,0
TBPL1,8,TF_diff_4ct,1,unknown,0
PYGL,7.9874542444743035,DEG_in_3ct(maxLFC=1.99),1,unknown,0
SCRN1,7.981375517730631,DEG_in_3ct(maxLFC=1.98),1,unknown,0
CD44,7.930602307104035,DEG_in_1ct(maxLFC=0.93); comm_receptor; known_stem_gene,3,unknown,0
ZFAND2A,7.925634487388842,DEG_in_3ct(maxLFC=1.93),1,unknown,0
SPTSSA,7.8680763596490975,DEG_in_3ct(maxLFC=1.87),1,unknown,0
TRBC2,7.84316408277083,DEG_in_2ct(maxLFC=3.84),1,unknown,0
TMEM37,7.821673028637258,DEG_in_3ct(maxLFC=1.82),1,unknown,0
KCNG1,7.801600417899506,DEG_in_2ct(maxLFC=3.80),1,unknown,0
RAC2,7.7243536165162165,DEG_in_2ct(maxLFC=3.72),1,unknown,0
PHYHIPL,7.719819303323912,DEG_in_2ct(maxLFC=3.72),1,unknown,0
PDGFRA,7.709518890518252,DEG_in_1ct(maxLFC=0.71); comm_receptor; known_stem_gene,3,unknown,0
PRTG,7.706745807026629,DEG_in_2ct(maxLFC=0.71); comm_receptor,2,unknown,0
ARPC5,7.649972664320211,DEG_in_2ct(maxLFC=0.65); comm_ligand,2,unknown,0
CDK6,7.527812277712041,DEG_in_3ct(maxLFC=1.53),1,unknown,0
ATP1A2,7.491127695723524,DEG_in_2ct(maxLFC=3.49),1,unknown,0
PYGO1,7.4863056903696386,DEG_in_3ct(maxLFC=1.49),1,unknown,0
PTCHD1,7.484826555513388,DEG_in_2ct(maxLFC=3.48),1,unknown,0
COL1A1,7.414716176883678,DEG_in_1ct(maxLFC=0.41); comm_ligand; fibrosis_gene,3,unknown,0
FAM53B,7.399722840784186,DEG_in_3ct(maxLFC=1.40),1,unknown,0
EIF4A3,7.225771788834868,DEG_in_3ct(maxLFC=1.23),1,unknown,0
SNRPG,7.224301664729627,DEG_in_3ct(maxLFC=1.22),1,unknown,0
BIN2,7.175590277186193,DEG_in_2ct(maxLFC=3.18),1,unknown,0
ITGB2,7.1505723153244745,DEG_in_2ct(maxLFC=3.15),1,unknown,0
PRRG4,7.14859938589324,DEG_in_2ct(maxLFC=3.15),1,unknown,0
TYROBP,7.127455164894957,DEG_in_2ct(maxLFC=3.13),1,unknown,0
GPR22,7.121688086954261,DEG_in_2ct(maxLFC=3.12),1,unknown,0
CCL4,7.119842609260308,DEG_in_2ct(maxLFC=3.12),1,unknown,0
C15orf48,7.037122558430774,DEG_in_2ct(maxLFC=3.04),1,unknown,0
MORC1,7,DEG_in_1ct(maxLFC=5.11),1,unknown,0
IGFBP1,7,DEG_in_1ct(maxLFC=9.06),1,unknown,0
TSPAN8,7,DEG_in_1ct(maxLFC=5.17),1,unknown,0
TCN1,7,DEG_in_1ct(maxLFC=5.36),1,unknown,0
C11orf87,7,DEG_in_1ct(maxLFC=5.16),1,unknown,0
LRCH2,6.979355494137451,DEG_in_3ct(maxLFC=0.98),1,unknown,0
RPS21,6.969714476728647,DEG_in_1ct(maxLFC=1.97); stem_DEG_CD133plus_progenitor,2,unknown,0
ITPA,6.966734476789437,DEG_in_3ct(maxLFC=0.97),1,unknown,0
PDS5B,6.95774651660278,DEG_in_3ct(maxLFC=0.96),1,unknown,0
GSG1L,6.947118364362978,DEG_in_1ct(maxLFC=4.95),1,unknown,0
ZNF827,6.845474334071649,DEG_in_3ct(maxLFC=0.85),1,unknown,0
ERBB3,6.790142189910398,DEG_in_2ct(maxLFC=2.79),1,unknown,0
RPS29,6.721188611856451,DEG_in_1ct(maxLFC=1.72); stem_DEG_CD133plus_progenitor,2,unknown,0
TMEM45B,6.720597438538755,DEG_in_2ct(maxLFC=2.72),1,unknown,0
ASXL3,6.676265345334787,DEG_in_2ct(maxLFC=2.68),1,unknown,0
TMEM106B,6.623305919293046,DEG_in_3ct(maxLFC=0.62),1,unknown,0
CMTM5,6.590275376052341,DEG_in_2ct(maxLFC=2.59),1,unknown,0
KIF13B,6.55443392489909,DEG_in_1ct(maxLFC=1.55); stem_DEG_CD133plus_progenitor,2,unknown,0
ADRA2A,6.540392467223095,DEG_in_1ct(maxLFC=1.54); comm_receptor,2,unknown,0
KIF26B,6.515893371540222,DEG_in_2ct(maxLFC=2.52),1,unknown,0
SYT2,6.504715709456075,DEG_in_2ct(maxLFC=2.50),1,unknown,0
FNDC1,6.501098499003842,DEG_in_2ct(maxLFC=2.50),1,unknown,0
ACTG1,6.494070171462531,DEG_in_1ct(maxLFC=1.49); stem_DEG_CD133plus_progenitor,2,unknown,0
VCAN,6.444328306161395,DEG_in_2ct(maxLFC=2.44),1,unknown,0
SIPA1L2,6.382598833435706,DEG_in_2ct(maxLFC=2.38),1,unknown,0
LINC01579,6.347831821359437,DEG_in_2ct(maxLFC=2.35),1,unknown,0
GPR160,6.345856014797877,DEG_in_2ct(maxLFC=2.35),1,unknown,0
RPL30,6.330836877587203,DEG_in_1ct(maxLFC=1.33); stem_DEG_CD133plus_progenitor,2,unknown,0
AP2B1,6.311928262304911,DEG_in_1ct(maxLFC=1.31); stem_DEG_CD133plus_progenitor,2,unknown,0
LPGAT1,6.252472911807813,DEG_in_1ct(maxLFC=1.25); stem_DEG_CD133plus_progenitor,2,unknown,0
MIA3,6.1800193241223695,DEG_in_1ct(maxLFC=1.18); stem_DEG_CD133plus_progenitor,2,unknown,0
FAM167B,6.163871006630498,DEG_in_2ct(maxLFC=2.16),1,unknown,0
TCF23,6.149399167372158,DEG_in_2ct(maxLFC=2.15),1,unknown,0
RPL36AL,6.132877556704868,DEG_in_1ct(maxLFC=1.13); stem_DEG_CD133plus_progenitor,2,unknown,0
CPE,6.009625871540503,DEG_in_2ct(maxLFC=2.01),1,unknown,0
NRXN3,6,comm_ligand; comm_receptor,2,unknown,0
NCOR2,6,TF_diff_3ct,1,unknown,0
VDR,6,TF_diff_3ct,1,unknown,0
NLGN2,6,comm_ligand; comm_receptor,2,unknown,0
POU3F2,6,TF_diff_3ct,1,unknown,0
MYOD1,6,TF_diff_3ct,1,unknown,0
HOXB13,6,TF_diff_3ct,1,unknown,0
RBPJ,6,TF_diff_3ct,1,unknown,0
REPS2,5.952446159496294,DEG_in_2ct(maxLFC=1.95),1,unknown,0
ITGA9,5.9262378569847565,DEG_in_2ct(maxLFC=1.93),1,unknown,0
FRMD6,5.902971413493269,DEG_in_2ct(maxLFC=1.90),1,unknown,0
LAMB1,5.850428814280198,DEG_in_1ct(maxLFC=0.85); comm_ligand,2,unknown,0
CDK2AP2,5.7464565979224504,DEG_in_2ct(maxLFC=1.75),1,unknown,0
CACNA1H,5.740367711451202,DEG_in_2ct(maxLFC=1.74),1,unknown,0
ITGA1,5.6817894408978695,DEG_in_1ct(maxLFC=0.68); comm_receptor,2,unknown,0
SMIM6,5.680345186218759,DEG_in_1ct(maxLFC=3.68),1,unknown,0
KIF5C,5.541665718498864,DEG_in_2ct(maxLFC=1.54),1,unknown,0
INAFM1,5.513845221007898,DEG_in_2ct(maxLFC=1.51),1,unknown,0
NKAIN4,5.457297017546347,DEG_in_1ct(maxLFC=3.46),1,unknown,0
LIMD1,5.44502934102858,DEG_in_2ct(maxLFC=1.45),1,unknown,0
CARHSP1,5.4280901981812795,DEG_in_2ct(maxLFC=1.43),1,unknown,0
PLXDC2,5.413334219027264,DEG_in_2ct(maxLFC=1.41),1,unknown,0
MAGEE1,5.3876932763801255,DEG_in_2ct(maxLFC=1.39),1,unknown,0
MTHFD1L,5.370217992768707,DEG_in_2ct(maxLFC=1.37),1,unknown,0
LAMA4,5.3649415367954685,DEG_in_2ct(maxLFC=1.36),1,unknown,0
NRK,5.35952625590041,DEG_in_1ct(maxLFC=3.36),1,unknown,0
TUNAR,5.33897620034281,DEG_in_1ct(maxLFC=3.34),1,unknown,0
COL18A1,5.306929596787444,DEG_in_2ct(maxLFC=1.31),1,unknown,0
NOP16,5.268659907878165,DEG_in_2ct(maxLFC=1.27),1,unknown,0
RASEF,5.25317762335472,DEG_in_1ct(maxLFC=3.25),1,unknown,0
HEG1,5.230624081871676,DEG_in_2ct(maxLFC=1.23),1,unknown,0
ADRA1D,5.215736894852408,DEG_in_1ct(maxLFC=3.22),1,unknown,0
RASGRP2,5.2154862643248645,DEG_in_1ct(maxLFC=3.22),1,unknown,0
ZBTB8A,5.211492594496011,DEG_in_2ct(maxLFC=1.21),1,unknown,0
COTL1,5.20747132483476,DEG_in_2ct(maxLFC=1.21),1,unknown,0
ADAMTSL1,5.205312360268207,DEG_in_1ct(maxLFC=3.21),1,unknown,0
CST11,5.203718684845878,DEG_in_1ct(maxLFC=3.20),1,unknown,0
PRKG1,5.200545395269897,DEG_in_2ct(maxLFC=1.20),1,unknown,0
ITGAX,5.194666226543797,DEG_in_1ct(maxLFC=3.19),1,unknown,0
CTSC,5.172542620354017,DEG_in_2ct(maxLFC=1.17),1,unknown,0
TYMP,5.126761257661661,DEG_in_2ct(maxLFC=1.13),1,unknown,0
GPSM2,5.035875527148292,DEG_in_2ct(maxLFC=1.04),1,unknown,0
AOX1,5.025963571101685,DEG_in_1ct(maxLFC=3.03),1,unknown,0
CDKL5,4.859687362703047,DEG_in_2ct(maxLFC=0.86),1,unknown,0
STX7,4.838863142046894,DEG_in_2ct(maxLFC=0.84),1,unknown,0
PPP1R1B,4.713396017179322,DEG_in_1ct(maxLFC=2.71),1,unknown,0
MPDU1,4.696520881146477,DEG_in_2ct(maxLFC=0.70),1,unknown,0
ETF1,4.69218979963643,DEG_in_2ct(maxLFC=0.69),1,unknown,0
HNRNPDL,4.575079385285637,DEG_in_2ct(maxLFC=0.58),1,unknown,0
FGF12,4.484119501340986,DEG_in_1ct(maxLFC=2.48),1,unknown,0
FNDC5,4.388409320776034,DEG_in_1ct(maxLFC=2.39),1,unknown,0
SORCS2,4.383140159339497,DEG_in_1ct(maxLFC=2.38),1,unknown,0
FAM83H,4.32879372497043,DEG_in_1ct(maxLFC=2.33),1,unknown,0
BCAN,4.294872095077186,DEG_in_1ct(maxLFC=2.29),1,unknown,0
LAPTM5,4.286272613031242,DEG_in_1ct(maxLFC=2.29),1,unknown,0
RIMS1,4.276114564814975,DEG_in_1ct(maxLFC=2.28),1,unknown,0
PILRA,4.216244544332552,DEG_in_1ct(maxLFC=2.22),1,unknown,0
SLC25A19,4.1536754501012965,DEG_in_1ct(maxLFC=2.15),1,unknown,0
SDK2,4.143068337448557,DEG_in_1ct(maxLFC=2.14),1,unknown,0
LANCL3,4.141296759304481,DEG_in_1ct(maxLFC=2.14),1,unknown,0
LRRC8C,4.107061601165357,DEG_in_1ct(maxLFC=2.11),1,unknown,0
PLPPR5,4.014298554437795,DEG_in_1ct(maxLFC=2.01),1,unknown,0
LRAT,4.004748282599134,DEG_in_1ct(maxLFC=2.00),1,unknown,0
DOT1L,4,TF_diff_2ct,1,unknown,0
NR5A1,4,TF_diff_2ct,1,unknown,0
HRC,3.9877488476991143,DEG_in_1ct(maxLFC=1.99),1,unknown,0
GRID1,3.9729103121319467,DEG_in_1ct(maxLFC=1.97),1,unknown,0
ASS1,3.912469564981255,DEG_in_1ct(maxLFC=1.91),1,unknown,0
STARD8,3.8264782675554745,DEG_in_1ct(maxLFC=1.83),1,unknown,0
THBS2,3.7939865057353646,DEG_in_1ct(maxLFC=1.79),1,unknown,0
GAL,3.792959262631703,DEG_in_1ct(maxLFC=1.79),1,unknown,0
ANXA13,3.7637081481294086,DEG_in_1ct(maxLFC=1.76),1,unknown,0
MAMDC2-AS1,3.752251906576137,DEG_in_1ct(maxLFC=1.75),1,unknown,0
CD79B,3.7468142384677128,DEG_in_1ct(maxLFC=1.75),1,unknown,0
ELMOD1,3.69373314974501,DEG_in_1ct(maxLFC=1.69),1,unknown,0
B4GALT6,3.6850305812148036,DEG_in_1ct(maxLFC=1.69),1,unknown,0
NHS,3.6273739757793377,DEG_in_1ct(maxLFC=1.63),1,unknown,0
PLEKHA6,3.5319740808989817,DEG_in_1ct(maxLFC=1.53),1,unknown,0
LRRC4B,3.5204003597679367,DEG_in_1ct(maxLFC=1.52),1,unknown,0
LOXL1,3.464753248501699,DEG_in_1ct(maxLFC=1.46),1,unknown,0
GCAT,3.41482327477089,DEG_in_1ct(maxLFC=1.41),1,unknown,0
SHC3,3.2903985877832076,DEG_in_1ct(maxLFC=1.29),1,unknown,0
AMPH,3.2131594363848666,DEG_in_1ct(maxLFC=1.21),1,unknown,0
GLIPR1,3.1657779284157668,DEG_in_1ct(maxLFC=1.17),1,unknown,0
HEPH,3.089078556153947,DEG_in_1ct(maxLFC=1.09),1,unknown,0
EPB41L1,3.0318434094854294,DEG_in_1ct(maxLFC=1.03),1,unknown,0
PMEPA1,3.0224666196752805,DEG_in_1ct(maxLFC=1.02),1,unknown,0
LGALS9,3,comm_ligand,1,unknown,0
APP,3,comm_ligand,1,unknown,0
APOE,3,comm_ligand,1,unknown,0
ACVR1B,3,comm_receptor,1,unknown,0
PLAU,3,comm_ligand,1,unknown,0
ACTR2,3,comm_ligand,1,unknown,0
KREMEN1,3,comm_receptor,1,unknown,0
ITGB8,3,comm_receptor,1,unknown,0
RAMP1,3,comm_receptor,1,unknown,0
SEMA4D,3,comm_ligand,1,unknown,0
SEMA3C,3,comm_ligand,1,unknown,0
SDC2,3,comm_receptor,1,unknown,0
LRP5,3,comm_receptor,1,unknown,0
GPC1,3,comm_receptor,1,unknown,0
SEMA3B,3,comm_ligand,1,unknown,0
SDC3,3,comm_receptor,1,unknown,0
COL6A1,3,comm_ligand,1,unknown,0
SDC1,3,comm_receptor,1,unknown,0
SEMA4A,3,comm_ligand,1,unknown,0
CCL28,3,comm_ligand,1,unknown,0
LEFTY1,3,comm_ligand,1,unknown,0
FAM171B,2.9836716596244153,DEG_in_1ct(maxLFC=0.98),1,unknown,0
CAMK2N1,2.9669881198857384,DEG_in_1ct(maxLFC=0.97),1,unknown,0
ASL,2.9611495981959077,DEG_in_1ct(maxLFC=0.96),1,unknown,0
LOXL3,2.9604149766268213,DEG_in_1ct(maxLFC=0.96),1,unknown,0
TCF7L1,2.927877133878247,DEG_in_1ct(maxLFC=0.93),1,unknown,0
SPIN1,2.9244382746975988,DEG_in_1ct(maxLFC=0.92),1,unknown,0
TIMM8A,2.8609400128936953,DEG_in_1ct(maxLFC=0.86),1,unknown,0
PCDHB16,2.773519102371438,DEG_in_1ct(maxLFC=0.77),1,unknown,0
APPL2,2.746621073241668,DEG_in_1ct(maxLFC=0.75),1,unknown,0
MOGS,2.7380514939086305,DEG_in_1ct(maxLFC=0.74),1,unknown,0
CREB3L2,2.7305796789411105,DEG_in_1ct(maxLFC=0.73),1,unknown,0
SNX16,2.7179168162813934,DEG_in_1ct(maxLFC=0.72),1,unknown,0
NAB1,2.5071027124678587,DEG_in_1ct(maxLFC=0.51),1,unknown,0
